experiment,arm,payload_regime,channel_family,condition,trials,capacity_success_rate,geometry_success_rate,exact_recover_rate,robust_recover_rate,decoder_wrong_output_rate,authenticated_false_acceptance_rate,substitution_replay,structure_recovery_rate,data_recovery_rate,diagnostic_accuracy_mean,localization_ms_mean,symbol_decode_ms_mean,ecc_ms_mean,authentication_ms_mean,total_decode_ms_mean
equal_area,aztec,large,colorspace_gamma,cool_tint,3,0.0,0.0,0.0,0.0,0.0,0.0,n/a,0.0,0.0,,0.0,0.0,0.0,0.0,0.0
equal_area,aztec,large,colorspace_gamma,gamma_070,3,0.0,0.0,0.0,0.0,0.0,0.0,n/a,0.0,0.0,,0.0,0.0,0.0,0.0,0.0
equal_area,aztec,large,colorspace_gamma,gamma_140,3,0.0,0.0,0.0,0.0,0.0,0.0,n/a,0.0,0.0,,0.0,0.0,0.0,0.0,0.0
equal_area,aztec,large,colorspace_gamma,warm_tint,3,0.0,0.0,0.0,0.0,0.0,0.0,n/a,0.0,0.0,,0.0,0.0,0.0,0.0,0.0
equal_area,aztec,large,grayscale,grayscale,3,0.0,0.0,0.0,0.0,0.0,0.0,n/a,0.0,0.0,,0.0,0.0,0.0,0.0,0.0
equal_area,aztec,large,identity,identity,3,0.0,0.0,0.0,0.0,0.0,0.0,n/a,0.0,0.0,,0.0,0.0,0.0,0.0,0.0
equal_area,aztec,large,jpeg,jpeg_q30,3,0.0,0.0,0.0,0.0,0.0,0.0,n/a,0.0,0.0,,0.0,0.0,0.0,0.0,0.0
equal_area,aztec,large,jpeg,jpeg_q50,3,0.0,0.0,0.0,0.0,0.0,0.0,n/a,0.0,0.0,,0.0,0.0,0.0,0.0,0.0
equal_area,aztec,large,jpeg,jpeg_q65,3,0.0,0.0,0.0,0.0,0.0,0.0,n/a,0.0,0.0,,0.0,0.0,0.0,0.0,0.0
equal_area,aztec,large,jpeg,jpeg_q80,3,0.0,0.0,0.0,0.0,0.0,0.0,n/a,0.0,0.0,,0.0,0.0,0.0,0.0,0.0
equal_area,aztec,large,jpeg,jpeg_q95,3,0.0,0.0,0.0,0.0,0.0,0.0,n/a,0.0,0.0,,0.0,0.0,0.0,0.0,0.0
equal_area,aztec,large,photo_recompress,photo_a0_bright_q50,3,0.0,0.0,0.0,0.0,0.0,0.0,n/a,0.0,0.0,,0.0,0.0,0.0,0.0,0.0
equal_area,aztec,large,photo_recompress,photo_a0_dark_q50,3,0.0,0.0,0.0,0.0,0.0,0.0,n/a,0.0,0.0,,0.0,0.0,0.0,0.0,0.0
equal_area,aztec,large,photo_recompress,photo_a0_normal_q50,3,0.0,0.0,0.0,0.0,0.0,0.0,n/a,0.0,0.0,,0.0,0.0,0.0,0.0,0.0
equal_area,aztec,large,photo_recompress,photo_a15_bright_q50,3,0.0,0.0,0.0,0.0,0.0,0.0,n/a,0.0,0.0,,0.0,0.0,0.0,0.0,0.0
equal_area,aztec,large,photo_recompress,photo_a15_dark_q50,3,0.0,0.0,0.0,0.0,0.0,0.0,n/a,0.0,0.0,,0.0,0.0,0.0,0.0,0.0
equal_area,aztec,large,photo_recompress,photo_a15_normal_q50,3,0.0,0.0,0.0,0.0,0.0,0.0,n/a,0.0,0.0,,0.0,0.0,0.0,0.0,0.0
equal_area,aztec,large,photo_recompress,photo_a30_bright_q50,3,0.0,0.0,0.0,0.0,0.0,0.0,n/a,0.0,0.0,,0.0,0.0,0.0,0.0,0.0
equal_area,aztec,large,photo_recompress,photo_a30_dark_q50,3,0.0,0.0,0.0,0.0,0.0,0.0,n/a,0.0,0.0,,0.0,0.0,0.0,0.0,0.0
equal_area,aztec,large,photo_recompress,photo_a30_normal_q50,3,0.0,0.0,0.0,0.0,0.0,0.0,n/a,0.0,0.0,,0.0,0.0,0.0,0.0,0.0
equal_area,aztec,large,scale,scale_100,3,0.0,0.0,0.0,0.0,0.0,0.0,n/a,0.0,0.0,,0.0,0.0,0.0,0.0,0.0
equal_area,aztec,large,scale,scale_25,3,0.0,0.0,0.0,0.0,0.0,0.0,n/a,0.0,0.0,,0.0,0.0,0.0,0.0,0.0
equal_area,aztec,large,scale,scale_50,3,0.0,0.0,0.0,0.0,0.0,0.0,n/a,0.0,0.0,,0.0,0.0,0.0,0.0,0.0
equal_area,aztec,large,scale,scale_75,3,0.0,0.0,0.0,0.0,0.0,0.0,n/a,0.0,0.0,,0.0,0.0,0.0,0.0,0.0
equal_area,aztec,medium,colorspace_gamma,cool_tint,3,0.0,0.0,0.0,0.0,0.0,0.0,n/a,0.0,0.0,,0.0,0.0,0.0,0.0,0.0
equal_area,aztec,medium,colorspace_gamma,gamma_070,3,0.0,0.0,0.0,0.0,0.0,0.0,n/a,0.0,0.0,,0.0,0.0,0.0,0.0,0.0
equal_area,aztec,medium,colorspace_gamma,gamma_140,3,0.0,0.0,0.0,0.0,0.0,0.0,n/a,0.0,0.0,,0.0,0.0,0.0,0.0,0.0
equal_area,aztec,medium,colorspace_gamma,warm_tint,3,0.0,0.0,0.0,0.0,0.0,0.0,n/a,0.0,0.0,,0.0,0.0,0.0,0.0,0.0
equal_area,aztec,medium,grayscale,grayscale,3,0.0,0.0,0.0,0.0,0.0,0.0,n/a,0.0,0.0,,0.0,0.0,0.0,0.0,0.0
equal_area,aztec,medium,identity,identity,3,0.0,0.0,0.0,0.0,0.0,0.0,n/a,0.0,0.0,,0.0,0.0,0.0,0.0,0.0
equal_area,aztec,medium,jpeg,jpeg_q30,3,0.0,0.0,0.0,0.0,0.0,0.0,n/a,0.0,0.0,,0.0,0.0,0.0,0.0,0.0
equal_area,aztec,medium,jpeg,jpeg_q50,3,0.0,0.0,0.0,0.0,0.0,0.0,n/a,0.0,0.0,,0.0,0.0,0.0,0.0,0.0
equal_area,aztec,medium,jpeg,jpeg_q65,3,0.0,0.0,0.0,0.0,0.0,0.0,n/a,0.0,0.0,,0.0,0.0,0.0,0.0,0.0
equal_area,aztec,medium,jpeg,jpeg_q80,3,0.0,0.0,0.0,0.0,0.0,0.0,n/a,0.0,0.0,,0.0,0.0,0.0,0.0,0.0
equal_area,aztec,medium,jpeg,jpeg_q95,3,0.0,0.0,0.0,0.0,0.0,0.0,n/a,0.0,0.0,,0.0,0.0,0.0,0.0,0.0
equal_area,aztec,medium,photo_recompress,photo_a0_bright_q50,3,0.0,0.0,0.0,0.0,0.0,0.0,n/a,0.0,0.0,,0.0,0.0,0.0,0.0,0.0
equal_area,aztec,medium,photo_recompress,photo_a0_dark_q50,3,0.0,0.0,0.0,0.0,0.0,0.0,n/a,0.0,0.0,,0.0,0.0,0.0,0.0,0.0
equal_area,aztec,medium,photo_recompress,photo_a0_normal_q50,3,0.0,0.0,0.0,0.0,0.0,0.0,n/a,0.0,0.0,,0.0,0.0,0.0,0.0,0.0
equal_area,aztec,medium,photo_recompress,photo_a15_bright_q50,3,0.0,0.0,0.0,0.0,0.0,0.0,n/a,0.0,0.0,,0.0,0.0,0.0,0.0,0.0
equal_area,aztec,medium,photo_recompress,photo_a15_dark_q50,3,0.0,0.0,0.0,0.0,0.0,0.0,n/a,0.0,0.0,,0.0,0.0,0.0,0.0,0.0
equal_area,aztec,medium,photo_recompress,photo_a15_normal_q50,3,0.0,0.0,0.0,0.0,0.0,0.0,n/a,0.0,0.0,,0.0,0.0,0.0,0.0,0.0
equal_area,aztec,medium,photo_recompress,photo_a30_bright_q50,3,0.0,0.0,0.0,0.0,0.0,0.0,n/a,0.0,0.0,,0.0,0.0,0.0,0.0,0.0
equal_area,aztec,medium,photo_recompress,photo_a30_dark_q50,3,0.0,0.0,0.0,0.0,0.0,0.0,n/a,0.0,0.0,,0.0,0.0,0.0,0.0,0.0
equal_area,aztec,medium,photo_recompress,photo_a30_normal_q50,3,0.0,0.0,0.0,0.0,0.0,0.0,n/a,0.0,0.0,,0.0,0.0,0.0,0.0,0.0
equal_area,aztec,medium,scale,scale_100,3,0.0,0.0,0.0,0.0,0.0,0.0,n/a,0.0,0.0,,0.0,0.0,0.0,0.0,0.0
equal_area,aztec,medium,scale,scale_25,3,0.0,0.0,0.0,0.0,0.0,0.0,n/a,0.0,0.0,,0.0,0.0,0.0,0.0,0.0
equal_area,aztec,medium,scale,scale_50,3,0.0,0.0,0.0,0.0,0.0,0.0,n/a,0.0,0.0,,0.0,0.0,0.0,0.0,0.0
equal_area,aztec,medium,scale,scale_75,3,0.0,0.0,0.0,0.0,0.0,0.0,n/a,0.0,0.0,,0.0,0.0,0.0,0.0,0.0
equal_area,aztec,small,colorspace_gamma,cool_tint,3,1.0,1.0,0.0,1.0,0.0,0.0,n/a,1.0,1.0,,7.4739333358593285,2.870199988440921,0.0,0.1645666682937493,11.225066661912328
equal_area,aztec,small,colorspace_gamma,gamma_070,3,1.0,1.0,1.0,1.0,0.0,0.0,n/a,1.0,1.0,,6.538999994518235,3.054633338858063,0.0,0.18566666403785348,10.533799999393523
equal_area,aztec,small,colorspace_gamma,gamma_140,3,1.0,1.0,1.0,1.0,0.0,0.0,n/a,1.0,1.0,,6.8974333407823,3.1530666650117687,0.0,0.17626667007183036,10.975333347838992
equal_area,aztec,small,colorspace_gamma,warm_tint,3,1.0,1.0,0.0,1.0,0.0,0.0,n/a,1.0,1.0,,6.839733337983489,2.8625333410066864,0.0,0.17140000515306988,10.667400007757047
equal_area,aztec,small,grayscale,grayscale,3,1.0,1.0,1.0,1.0,0.0,0.0,n/a,1.0,1.0,,7.685733338197072,2.429633333425348,0.0,0.1493666786700487,10.966933342084909
equal_area,aztec,small,identity,identity,3,1.0,1.0,1.0,1.0,0.0,0.0,n/a,1.0,1.0,,6.81440001547647,2.532166661694646,0.0,0.16783335013315082,10.212300005756939
equal_area,aztec,small,jpeg,jpeg_q30,3,1.0,1.0,0.0,1.0,0.0,0.0,n/a,1.0,1.0,,7.5704333333609,3.250366678306212,0.0,0.18310000693115094,11.802266672020778
equal_area,aztec,small,jpeg,jpeg_q50,3,1.0,1.0,0.0,1.0,0.0,0.0,n/a,1.0,1.0,,9.206800003691265,3.6048333374007293,0.0,0.2138666653384765,13.90239999939998
equal_area,aztec,small,jpeg,jpeg_q65,3,1.0,1.0,0.0,1.0,0.0,0.0,n/a,1.0,1.0,,7.115499999296541,2.784566682142516,0.0,0.1928000031815221,10.774566675536335
equal_area,aztec,small,jpeg,jpeg_q80,3,1.0,1.0,0.0,1.0,0.0,0.0,n/a,1.0,1.0,,6.894399994052947,2.801500018298005,0.0,0.14183333648058274,10.60513332292127
equal_area,aztec,small,jpeg,jpeg_q95,3,1.0,1.0,0.0,1.0,0.0,0.0,n/a,1.0,1.0,,7.910333331286286,2.957666671136394,0.0,0.1491999913317462,11.760166661891466
equal_area,aztec,small,photo_recompress,photo_a0_bright_q50,3,1.0,1.0,0.0,1.0,0.0,0.0,n/a,1.0,1.0,,7.571333320811391,3.4574666642583907,0.0,0.1510666722121338,11.996566676922763
equal_area,aztec,small,photo_recompress,photo_a0_dark_q50,3,1.0,1.0,0.0,1.0,0.0,0.0,n/a,1.0,1.0,,7.079733331920579,4.286000000623365,0.0,0.16930000856518745,12.288000007780889
equal_area,aztec,small,photo_recompress,photo_a0_normal_q50,3,1.0,1.0,0.0,1.0,0.0,0.0,n/a,1.0,1.0,,6.701433322935675,3.3544333321818463,0.0,0.17236665977785984,10.943533338528747
equal_area,aztec,small,photo_recompress,photo_a15_bright_q50,3,1.0,1.0,0.0,1.0,0.0,0.0,n/a,1.0,1.0,,7.173366660329823,3.5295333267034343,0.0,0.16270000681591532,11.662300006719306
equal_area,aztec,small,photo_recompress,photo_a15_dark_q50,3,1.0,1.0,0.0,1.0,0.0,0.0,n/a,1.0,1.0,,6.919399990389745,3.798833340018367,0.0,0.16603333642706275,11.572566669201478
equal_area,aztec,small,photo_recompress,photo_a15_normal_q50,3,1.0,1.0,0.0,1.0,0.0,0.0,n/a,1.0,1.0,,7.070966676110402,3.227300000920271,0.0,0.14653334316487113,11.186133342562243
equal_area,aztec,small,photo_recompress,photo_a30_bright_q50,3,1.0,1.0,0.0,1.0,0.0,0.0,n/a,1.0,1.0,,7.054033320552359,2.910399993803973,0.0,0.1380666702364882,10.82903333978417
equal_area,aztec,small,photo_recompress,photo_a30_dark_q50,3,1.0,1.0,0.0,1.0,0.0,0.0,n/a,1.0,1.0,,6.942533334949985,3.5263999986151853,0.0,0.1367333170492202,11.35299998956422
equal_area,aztec,small,photo_recompress,photo_a30_normal_q50,3,1.0,1.0,0.0,1.0,0.0,0.0,n/a,1.0,1.0,,7.303433327858026,4.023666658516352,0.0,0.22336666006594896,12.337899999693036
equal_area,aztec,small,scale,scale_100,3,1.0,1.0,1.0,1.0,0.0,0.0,n/a,1.0,1.0,,8.808166671466703,3.1117666706753275,0.0,0.2432999996623645,12.930966671168184
equal_area,aztec,small,scale,scale_25,3,1.0,1.0,0.0,1.0,0.0,0.0,n/a,1.0,1.0,,7.155866672595342,3.898899992539858,0.0,0.16466666905519864,12.016933333749572
equal_area,aztec,small,scale,scale_50,3,1.0,1.0,0.0,1.0,0.0,0.0,n/a,1.0,1.0,,6.531766674015671,3.7537333361494043,0.0,0.17099999240599573,11.182033330745375
equal_area,aztec,small,scale,scale_75,3,1.0,1.0,0.0,1.0,0.0,0.0,n/a,1.0,1.0,,6.78620000447457,3.751699987333268,0.0,0.1470333275695642,11.415466666221619
equal_area,custom_grid,large,colorspace_gamma,cool_tint,3,1.0,1.0,0.0,1.0,0.0,0.0,n/a,1.0,1.0,1.0,8.213766666206842,0.4137666740765174,233.2466333367241,0.17473333476421735,243.77556666149758
equal_area,custom_grid,large,colorspace_gamma,gamma_070,3,1.0,1.0,1.0,1.0,0.0,0.0,n/a,1.0,1.0,1.0,8.31573333319587,0.37943333154544234,217.6462999971894,0.16083332593552768,228.02763332341178
equal_area,custom_grid,large,colorspace_gamma,gamma_140,3,1.0,1.0,1.0,1.0,0.0,0.0,n/a,1.0,1.0,1.0,8.84326666709967,0.40573331837852794,232.17850000946783,0.1472000052065899,243.237733336476
equal_area,custom_grid,large,colorspace_gamma,warm_tint,3,1.0,1.0,0.0,1.0,0.0,0.0,n/a,1.0,1.0,1.0,8.444433333352208,0.4291666652231167,222.63590000026548,0.1637666622021546,233.2305000066602
equal_area,custom_grid,large,grayscale,grayscale,3,1.0,1.0,1.0,1.0,0.0,0.0,n/a,1.0,1.0,1.0,7.9252333380281925,0.34993333004725474,236.17913333388665,0.1373999984934926,246.05623333870122
equal_area,custom_grid,large,identity,identity,3,1.0,1.0,1.0,1.0,0.0,0.0,n/a,1.0,1.0,1.0,8.316799998283386,0.4159666520232956,220.73466665460728,0.14866667333990335,231.34526666641855
equal_area,custom_grid,large,jpeg,jpeg_q30,3,1.0,1.0,0.0,1.0,0.0,0.0,n/a,1.0,1.0,1.0,8.487800010091936,0.36813333281315863,232.86383333227909,0.14409999130293727,243.43256664966853
equal_area,custom_grid,large,jpeg,jpeg_q50,3,1.0,1.0,0.0,1.0,0.0,0.0,n/a,1.0,1.0,1.0,9.108700003707781,0.4078000007818143,224.1677000032117,0.15236667240969837,235.41929999676844
equal_area,custom_grid,large,jpeg,jpeg_q65,3,1.0,1.0,0.0,1.0,0.0,0.0,n/a,1.0,1.0,1.0,8.313466678373516,0.42266666423529387,226.54523332797302,0.13986667424129942,237.09006667680418
equal_area,custom_grid,large,jpeg,jpeg_q80,3,1.0,1.0,0.0,1.0,0.0,0.0,n/a,1.0,1.0,1.0,8.953333337558433,0.3889333359741916,216.8423666638167,0.17266667176348469,228.01746667634384
equal_area,custom_grid,large,jpeg,jpeg_q95,3,1.0,1.0,0.0,1.0,0.0,0.0,n/a,1.0,1.0,1.0,8.756433341962596,0.427433328392605,221.07193332825167,0.16466666905519864,232.10406666233516
equal_area,custom_grid,large,photo_recompress,photo_a0_bright_q50,3,1.0,1.0,0.0,1.0,0.0,0.0,n/a,1.0,1.0,1.0,8.458533334002519,0.37106665937850875,247.6164333250684,0.1405000026958684,258.04780000665534
equal_area,custom_grid,large,photo_recompress,photo_a0_dark_q50,3,1.0,1.0,0.0,0.3333333333333333,0.0,0.0,n/a,1.0,0.3333333333333333,0.8560773488910026,8.847166667692363,0.5118333210702986,471.78433333950426,0.06236665649339557,482.8555666511723
equal_area,custom_grid,large,photo_recompress,photo_a0_normal_q50,3,1.0,1.0,0.0,1.0,0.0,0.0,n/a,1.0,1.0,1.0,9.161533322185278,0.49223334644921124,217.75059999587634,0.16973332579558095,229.2058333211268
equal_area,custom_grid,large,photo_recompress,photo_a15_bright_q50,3,1.0,1.0,0.0,1.0,0.0,0.0,n/a,1.0,1.0,1.0,8.578300000711655,0.483533328709503,241.6718666693972,0.13976667347985008,252.41046667603464
equal_area,custom_grid,large,photo_recompress,photo_a15_dark_q50,3,1.0,1.0,0.0,0.0,0.0,0.0,n/a,1.0,0.0,0.7961402090901907,9.505366663991785,0.4296000018560638,509.08546666808735,0.001566678596039613,521.386000017325
equal_area,custom_grid,large,photo_recompress,photo_a15_normal_q50,3,1.0,1.0,0.0,1.0,0.0,0.0,n/a,1.0,1.0,1.0,9.24420000713629,0.5687333371800681,237.70810001102896,0.13933332714562616,249.50936666573398
equal_area,custom_grid,large,photo_recompress,photo_a30_bright_q50,3,1.0,1.0,0.0,1.0,0.0,0.0,n/a,1.0,1.0,1.0,8.06130000273697,0.3588000060214351,274.3024333418968,0.13843332999385893,284.2992000029578
equal_area,custom_grid,large,photo_recompress,photo_a30_dark_q50,3,1.0,1.0,0.0,0.0,0.0,0.0,n/a,1.0,0.0,0.9633093262581794,8.668233320349827,0.5008333246223629,491.46140000084415,0.0017000032433619101,503.2495000050403
equal_area,custom_grid,large,photo_recompress,photo_a30_normal_q50,3,1.0,1.0,0.0,1.0,0.0,0.0,n/a,1.0,1.0,1.0,8.594533341238275,0.40366667478034896,313.4030333312694,0.1407999952789396,324.3435999902431
equal_area,custom_grid,large,scale,scale_100,3,1.0,1.0,1.0,1.0,0.0,0.0,n/a,1.0,1.0,1.0,8.439533325145021,0.3738666612965365,221.345066674985,0.15460000334617993,231.72830000597364
equal_area,custom_grid,large,scale,scale_25,3,1.0,1.0,0.0,0.0,0.0,0.0,n/a,1.0,0.0,0.6839666357738649,8.875600004103035,0.40006666677072644,563.8276333338581,0.001600002481912573,575.1041999998657
equal_area,custom_grid,large,scale,scale_50,3,1.0,1.0,0.0,1.0,0.0,0.0,n/a,1.0,1.0,1.0,8.169199999732276,0.410933328870063,225.77813332706378,0.14076666169178984,236.2293666616703
equal_area,custom_grid,large,scale,scale_75,3,1.0,1.0,0.0,1.0,0.0,0.0,n/a,1.0,1.0,1.0,9.074199993240958,0.42956666826891404,227.69903333391994,0.21366667351685464,239.18476666828306
equal_area,custom_grid,medium,colorspace_gamma,cool_tint,3,1.0,1.0,0.0,1.0,0.0,0.0,n/a,1.0,1.0,1.0,7.867300000119333,0.2215000082893918,113.92873333534226,0.16899999657956263,123.17336665970895
equal_area,custom_grid,medium,colorspace_gamma,gamma_070,3,1.0,1.0,1.0,1.0,0.0,0.0,n/a,1.0,1.0,1.0,7.614366661679621,0.2729666593950242,95.12986666716945,0.13810000382363796,104.2151333434352
equal_area,custom_grid,medium,colorspace_gamma,gamma_140,3,1.0,1.0,1.0,1.0,0.0,0.0,n/a,1.0,1.0,1.0,7.970133320971702,0.22343333694152534,93.42963332892396,0.1384666635810087,102.71706666875009
equal_area,custom_grid,medium,colorspace_gamma,warm_tint,3,1.0,1.0,0.0,1.0,0.0,0.0,n/a,1.0,1.0,1.0,7.7556666801683605,0.24753334582783282,89.45803333578321,0.13526666831846038,98.65859999748257
equal_area,custom_grid,medium,grayscale,grayscale,3,1.0,1.0,1.0,1.0,0.0,0.0,n/a,1.0,1.0,1.0,8.20650000241585,0.27520000003278255,94.85233333543874,0.16850000247359276,104.55996667345364
equal_area,custom_grid,medium,identity,identity,3,1.0,1.0,1.0,1.0,0.0,0.0,n/a,1.0,1.0,1.0,7.7545333285039915,0.2585333422757685,94.25309999884728,0.14663334392632046,103.49410000101973
equal_area,custom_grid,medium,jpeg,jpeg_q30,3,1.0,1.0,0.0,1.0,0.0,0.0,n/a,1.0,1.0,1.0,8.24116666141587,0.33393332463068265,113.0673333342808,0.14633333194069564,122.89463332854211
equal_area,custom_grid,medium,jpeg,jpeg_q50,3,1.0,1.0,0.0,1.0,0.0,0.0,n/a,1.0,1.0,1.0,13.740066671743989,0.2935000035601358,118.82083333330229,0.13716667308472097,134.10443334335773
equal_area,custom_grid,medium,jpeg,jpeg_q65,3,1.0,1.0,0.0,1.0,0.0,0.0,n/a,1.0,1.0,1.0,7.841166661819443,0.22106665225389102,97.38020000319618,0.14806666877120733,106.63640000469361
equal_area,custom_grid,medium,jpeg,jpeg_q80,3,1.0,1.0,0.0,1.0,0.0,0.0,n/a,1.0,1.0,1.0,8.196899997225652,0.3177666609796385,91.96210000663996,0.1368000036260734,101.77083334807928
equal_area,custom_grid,medium,jpeg,jpeg_q95,3,1.0,1.0,0.0,1.0,0.0,0.0,n/a,1.0,1.0,1.0,9.023799997521564,0.31736665793384117,137.7321666611048,0.17393333837389946,148.49003332589442
equal_area,custom_grid,medium,photo_recompress,photo_a0_bright_q50,3,1.0,1.0,0.0,1.0,0.0,0.0,n/a,1.0,1.0,1.0,7.906633332216491,0.2803000097628683,100.07456667760077,0.1459333385961751,109.3975000064044
equal_area,custom_grid,medium,photo_recompress,photo_a0_dark_q50,3,1.0,1.0,0.0,1.0,0.0,0.0,n/a,1.0,1.0,1.0,8.42756666437102,0.2915666652067254,161.90546667591357,0.1670333343402793,171.96749999614744
equal_area,custom_grid,medium,photo_recompress,photo_a0_normal_q50,3,1.0,1.0,0.0,1.0,0.0,0.0,n/a,1.0,1.0,1.0,8.180466674578687,0.3288999917761733,102.92200000064138,0.1574666724385073,112.71063333454852
equal_area,custom_grid,medium,photo_recompress,photo_a15_bright_q50,3,1.0,1.0,0.0,1.0,0.0,0.0,n/a,1.0,1.0,1.0,7.001133334900563,0.27550000231713057,93.87213333199422,0.15733332838863134,102.31826666858979
equal_area,custom_grid,medium,photo_recompress,photo_a15_dark_q50,3,1.0,1.0,0.0,0.6666666666666666,0.0,0.0,n/a,1.0,0.6666666666666666,0.918947933440687,7.433699996909127,0.2781333460006863,157.25326666142792,0.09130000641259055,166.22769999473044
equal_area,custom_grid,medium,photo_recompress,photo_a15_normal_q50,3,1.0,1.0,0.0,1.0,0.0,0.0,n/a,1.0,1.0,1.0,7.3545999960818635,0.2104666685530295,94.55580000455181,0.1407999952789396,103.20579998854858
equal_area,custom_grid,medium,photo_recompress,photo_a30_bright_q50,3,1.0,1.0,0.0,1.0,0.0,0.0,n/a,1.0,1.0,1.0,6.757233320968226,0.2421000002262493,95.67610000764641,0.18689999706111848,103.8427666547553
equal_area,custom_grid,medium,photo_recompress,photo_a30_dark_q50,3,1.0,1.0,0.0,0.3333333333333333,0.0,0.0,n/a,1.0,0.3333333333333333,0.8703709391638178,7.384033330405752,0.22146665529968837,198.44190001216097,0.04673333023674786,207.14563333118954
equal_area,custom_grid,medium,photo_recompress,photo_a30_normal_q50,3,1.0,1.0,0.0,1.0,0.0,0.0,n/a,1.0,1.0,1.0,6.8733666751844185,0.2504666626919061,102.8967000117215,0.14886666516152522,111.26976666855626
equal_area,custom_grid,medium,scale,scale_100,3,1.0,1.0,1.0,1.0,0.0,0.0,n/a,1.0,1.0,1.0,7.5652999997449415,0.3003666643053293,105.21220000615965,0.1773999926323692,114.45113332592882
equal_area,custom_grid,medium,scale,scale_25,3,1.0,1.0,0.0,1.0,0.0,0.0,n/a,1.0,1.0,1.0,7.696700001057859,0.27223333017900586,110.13086666935124,0.1725999948879083,119.42503332587269
equal_area,custom_grid,medium,scale,scale_50,3,1.0,1.0,0.0,1.0,0.0,0.0,n/a,1.0,1.0,1.0,7.656000001588836,0.29349999385885894,99.3164666579105,0.15999998625678322,108.44523331616074
equal_area,custom_grid,medium,scale,scale_75,3,1.0,1.0,0.0,1.0,0.0,0.0,n/a,1.0,1.0,1.0,8.694866662456965,0.2601333447576811,110.9908666597524,0.16230000377011797,121.16983333059277
equal_area,custom_grid,small,colorspace_gamma,cool_tint,3,1.0,1.0,0.0,1.0,0.0,0.0,n/a,1.0,1.0,1.0,7.005599996773526,0.14573333707327643,43.8866333279293,0.1622333462970952,52.16056669208532
equal_area,custom_grid,small,colorspace_gamma,gamma_070,3,1.0,1.0,1.0,1.0,0.0,0.0,n/a,1.0,1.0,1.0,6.83706667041406,0.13900000097540519,37.831100004647546,0.1379000023007393,45.749300004293524
equal_area,custom_grid,small,colorspace_gamma,gamma_140,3,1.0,1.0,1.0,1.0,0.0,0.0,n/a,1.0,1.0,1.0,7.232799999959146,0.14913335326127708,37.9976999926536,0.13666665957619747,46.453966662132494
equal_area,custom_grid,small,colorspace_gamma,warm_tint,3,1.0,1.0,0.0,1.0,0.0,0.0,n/a,1.0,1.0,1.0,6.815699996271481,0.149200001033023,43.47826666586722,0.13706666262199482,51.43843332189135
equal_area,custom_grid,small,grayscale,grayscale,3,1.0,1.0,1.0,1.0,0.0,0.0,n/a,1.0,1.0,1.0,6.876833339144166,0.14930000179447234,45.185633323853835,0.16693333357882997,53.20786667289212
equal_area,custom_grid,small,identity,identity,3,1.0,1.0,1.0,1.0,0.0,0.0,n/a,1.0,1.0,1.0,6.97089999448508,0.19513333487945297,42.83549999430155,0.140233343699947,51.06836667012734
equal_area,custom_grid,small,jpeg,jpeg_q30,3,1.0,1.0,0.0,1.0,0.0,0.0,n/a,1.0,1.0,1.0,7.476699994488929,0.19440000566343466,42.376700012634196,0.13933332714562616,51.04319998645224
equal_area,custom_grid,small,jpeg,jpeg_q50,3,1.0,1.0,0.0,1.0,0.0,0.0,n/a,1.0,1.0,1.0,7.257333345478401,0.15436666823613146,46.629433326112725,0.21903333254158497,55.16323332752412
equal_area,custom_grid,small,jpeg,jpeg_q65,3,1.0,1.0,0.0,1.0,0.0,0.0,n/a,1.0,1.0,1.0,6.847833341453224,0.20286665918926397,44.91356668101313,0.14436667940268913,53.04883333155885
equal_area,custom_grid,small,jpeg,jpeg_q80,3,1.0,1.0,0.0,1.0,0.0,0.0,n/a,1.0,1.0,1.0,7.513466669479385,0.30886667082086205,49.258599998817466,0.16466666905519864,58.34393332285496
equal_area,custom_grid,small,jpeg,jpeg_q95,3,1.0,1.0,0.0,1.0,0.0,0.0,n/a,1.0,1.0,1.0,7.146200000230844,0.20506666623987257,40.639000003769375,0.14213333876493076,49.00713333821235
equal_area,custom_grid,small,photo_recompress,photo_a0_bright_q50,3,1.0,1.0,0.0,1.0,0.0,0.0,n/a,1.0,1.0,1.0,7.464100014961635,0.17220000154338777,55.148366664070636,0.17159999697469175,63.88409998423109
equal_area,custom_grid,small,photo_recompress,photo_a0_dark_q50,3,1.0,1.0,0.0,1.0,0.0,0.0,n/a,1.0,1.0,1.0,9.129933333800485,0.21540000064608952,58.3238000011382,0.22976666999359927,68.85613333239841
equal_area,custom_grid,small,photo_recompress,photo_a0_normal_q50,3,1.0,1.0,0.0,1.0,0.0,0.0,n/a,1.0,1.0,1.0,7.31466665941601,0.17486665941153964,56.78366665961221,0.20413332579967877,65.49593331874348
equal_area,custom_grid,small,photo_recompress,photo_a15_bright_q50,3,1.0,1.0,0.0,1.0,0.0,0.0,n/a,1.0,1.0,1.0,6.523766651904832,0.18086666629339257,41.90180000538627,0.1326333343361815,49.622333327230685
equal_area,custom_grid,small,photo_recompress,photo_a15_dark_q50,3,1.0,1.0,0.0,1.0,0.0,0.0,n/a,1.0,1.0,1.0,6.451166671467945,0.1542666577734053,40.67416667627791,0.14153334389751157,48.25706667422006
equal_area,custom_grid,small,photo_recompress,photo_a15_normal_q50,3,1.0,1.0,0.0,1.0,0.0,0.0,n/a,1.0,1.0,1.0,6.0677333288670825,0.143933342769742,37.767799998012684,0.13550000342850885,45.09213333949447
equal_area,custom_grid,small,photo_recompress,photo_a30_bright_q50,3,1.0,1.0,0.0,1.0,0.0,0.0,n/a,1.0,1.0,1.0,6.883333330430712,0.22203332628123462,37.75739999643216,0.13199999618033567,45.954266660070665
equal_area,custom_grid,small,photo_recompress,photo_a30_dark_q50,3,1.0,1.0,0.0,1.0,0.0,0.0,n/a,1.0,1.0,1.0,6.1987999943085015,0.157333347791185,40.844066660307966,0.1397333301914235,48.174166654159
equal_area,custom_grid,small,photo_recompress,photo_a30_normal_q50,3,1.0,1.0,0.0,1.0,0.0,0.0,n/a,1.0,1.0,1.0,6.274566675225894,0.13840000610798597,41.89083332312293,0.18253332624832788,49.28043333347887
equal_area,custom_grid,small,scale,scale_100,3,1.0,1.0,1.0,1.0,0.0,0.0,n/a,1.0,1.0,1.0,7.328333333134651,0.17696667540197572,49.63543332026651,0.135199991442884,58.303633326431736
equal_area,custom_grid,small,scale,scale_25,3,1.0,1.0,0.0,1.0,0.0,0.0,n/a,1.0,1.0,1.0,10.901166659702236,0.22043333350059888,57.90109999361448,0.16999999449277917,70.14003332975942
equal_area,custom_grid,small,scale,scale_50,3,1.0,1.0,0.0,1.0,0.0,0.0,n/a,1.0,1.0,1.0,8.696066671594357,0.2011666656471789,55.41833334912857,0.13910000173685452,65.43996666247646
equal_area,custom_grid,small,scale,scale_75,3,1.0,1.0,0.0,1.0,0.0,0.0,n/a,1.0,1.0,1.0,8.041400006428981,0.19343332193481425,54.477633345716946,0.2139000086269031,63.92260000575334
equal_area,data_matrix,large,colorspace_gamma,cool_tint,3,0.0,0.0,0.0,0.0,0.0,0.0,n/a,0.0,0.0,,0.0,0.0,0.0,0.0,0.0
equal_area,data_matrix,large,colorspace_gamma,gamma_070,3,0.0,0.0,0.0,0.0,0.0,0.0,n/a,0.0,0.0,,0.0,0.0,0.0,0.0,0.0
equal_area,data_matrix,large,colorspace_gamma,gamma_140,3,0.0,0.0,0.0,0.0,0.0,0.0,n/a,0.0,0.0,,0.0,0.0,0.0,0.0,0.0
equal_area,data_matrix,large,colorspace_gamma,warm_tint,3,0.0,0.0,0.0,0.0,0.0,0.0,n/a,0.0,0.0,,0.0,0.0,0.0,0.0,0.0
equal_area,data_matrix,large,grayscale,grayscale,3,0.0,0.0,0.0,0.0,0.0,0.0,n/a,0.0,0.0,,0.0,0.0,0.0,0.0,0.0
equal_area,data_matrix,large,identity,identity,3,0.0,0.0,0.0,0.0,0.0,0.0,n/a,0.0,0.0,,0.0,0.0,0.0,0.0,0.0
equal_area,data_matrix,large,jpeg,jpeg_q30,3,0.0,0.0,0.0,0.0,0.0,0.0,n/a,0.0,0.0,,0.0,0.0,0.0,0.0,0.0
equal_area,data_matrix,large,jpeg,jpeg_q50,3,0.0,0.0,0.0,0.0,0.0,0.0,n/a,0.0,0.0,,0.0,0.0,0.0,0.0,0.0
equal_area,data_matrix,large,jpeg,jpeg_q65,3,0.0,0.0,0.0,0.0,0.0,0.0,n/a,0.0,0.0,,0.0,0.0,0.0,0.0,0.0
equal_area,data_matrix,large,jpeg,jpeg_q80,3,0.0,0.0,0.0,0.0,0.0,0.0,n/a,0.0,0.0,,0.0,0.0,0.0,0.0,0.0
equal_area,data_matrix,large,jpeg,jpeg_q95,3,0.0,0.0,0.0,0.0,0.0,0.0,n/a,0.0,0.0,,0.0,0.0,0.0,0.0,0.0
equal_area,data_matrix,large,photo_recompress,photo_a0_bright_q50,3,0.0,0.0,0.0,0.0,0.0,0.0,n/a,0.0,0.0,,0.0,0.0,0.0,0.0,0.0
equal_area,data_matrix,large,photo_recompress,photo_a0_dark_q50,3,0.0,0.0,0.0,0.0,0.0,0.0,n/a,0.0,0.0,,0.0,0.0,0.0,0.0,0.0
equal_area,data_matrix,large,photo_recompress,photo_a0_normal_q50,3,0.0,0.0,0.0,0.0,0.0,0.0,n/a,0.0,0.0,,0.0,0.0,0.0,0.0,0.0
equal_area,data_matrix,large,photo_recompress,photo_a15_bright_q50,3,0.0,0.0,0.0,0.0,0.0,0.0,n/a,0.0,0.0,,0.0,0.0,0.0,0.0,0.0
equal_area,data_matrix,large,photo_recompress,photo_a15_dark_q50,3,0.0,0.0,0.0,0.0,0.0,0.0,n/a,0.0,0.0,,0.0,0.0,0.0,0.0,0.0
equal_area,data_matrix,large,photo_recompress,photo_a15_normal_q50,3,0.0,0.0,0.0,0.0,0.0,0.0,n/a,0.0,0.0,,0.0,0.0,0.0,0.0,0.0
equal_area,data_matrix,large,photo_recompress,photo_a30_bright_q50,3,0.0,0.0,0.0,0.0,0.0,0.0,n/a,0.0,0.0,,0.0,0.0,0.0,0.0,0.0
equal_area,data_matrix,large,photo_recompress,photo_a30_dark_q50,3,0.0,0.0,0.0,0.0,0.0,0.0,n/a,0.0,0.0,,0.0,0.0,0.0,0.0,0.0
equal_area,data_matrix,large,photo_recompress,photo_a30_normal_q50,3,0.0,0.0,0.0,0.0,0.0,0.0,n/a,0.0,0.0,,0.0,0.0,0.0,0.0,0.0
equal_area,data_matrix,large,scale,scale_100,3,0.0,0.0,0.0,0.0,0.0,0.0,n/a,0.0,0.0,,0.0,0.0,0.0,0.0,0.0
equal_area,data_matrix,large,scale,scale_25,3,0.0,0.0,0.0,0.0,0.0,0.0,n/a,0.0,0.0,,0.0,0.0,0.0,0.0,0.0
equal_area,data_matrix,large,scale,scale_50,3,0.0,0.0,0.0,0.0,0.0,0.0,n/a,0.0,0.0,,0.0,0.0,0.0,0.0,0.0
equal_area,data_matrix,large,scale,scale_75,3,0.0,0.0,0.0,0.0,0.0,0.0,n/a,0.0,0.0,,0.0,0.0,0.0,0.0,0.0
equal_area,data_matrix,medium,colorspace_gamma,cool_tint,3,0.0,0.0,0.0,0.0,0.0,0.0,n/a,0.0,0.0,,0.0,0.0,0.0,0.0,0.0
equal_area,data_matrix,medium,colorspace_gamma,gamma_070,3,0.0,0.0,0.0,0.0,0.0,0.0,n/a,0.0,0.0,,0.0,0.0,0.0,0.0,0.0
equal_area,data_matrix,medium,colorspace_gamma,gamma_140,3,0.0,0.0,0.0,0.0,0.0,0.0,n/a,0.0,0.0,,0.0,0.0,0.0,0.0,0.0
equal_area,data_matrix,medium,colorspace_gamma,warm_tint,3,0.0,0.0,0.0,0.0,0.0,0.0,n/a,0.0,0.0,,0.0,0.0,0.0,0.0,0.0
equal_area,data_matrix,medium,grayscale,grayscale,3,0.0,0.0,0.0,0.0,0.0,0.0,n/a,0.0,0.0,,0.0,0.0,0.0,0.0,0.0
equal_area,data_matrix,medium,identity,identity,3,0.0,0.0,0.0,0.0,0.0,0.0,n/a,0.0,0.0,,0.0,0.0,0.0,0.0,0.0
equal_area,data_matrix,medium,jpeg,jpeg_q30,3,0.0,0.0,0.0,0.0,0.0,0.0,n/a,0.0,0.0,,0.0,0.0,0.0,0.0,0.0
equal_area,data_matrix,medium,jpeg,jpeg_q50,3,0.0,0.0,0.0,0.0,0.0,0.0,n/a,0.0,0.0,,0.0,0.0,0.0,0.0,0.0
equal_area,data_matrix,medium,jpeg,jpeg_q65,3,0.0,0.0,0.0,0.0,0.0,0.0,n/a,0.0,0.0,,0.0,0.0,0.0,0.0,0.0
equal_area,data_matrix,medium,jpeg,jpeg_q80,3,0.0,0.0,0.0,0.0,0.0,0.0,n/a,0.0,0.0,,0.0,0.0,0.0,0.0,0.0
equal_area,data_matrix,medium,jpeg,jpeg_q95,3,0.0,0.0,0.0,0.0,0.0,0.0,n/a,0.0,0.0,,0.0,0.0,0.0,0.0,0.0
equal_area,data_matrix,medium,photo_recompress,photo_a0_bright_q50,3,0.0,0.0,0.0,0.0,0.0,0.0,n/a,0.0,0.0,,0.0,0.0,0.0,0.0,0.0
equal_area,data_matrix,medium,photo_recompress,photo_a0_dark_q50,3,0.0,0.0,0.0,0.0,0.0,0.0,n/a,0.0,0.0,,0.0,0.0,0.0,0.0,0.0
equal_area,data_matrix,medium,photo_recompress,photo_a0_normal_q50,3,0.0,0.0,0.0,0.0,0.0,0.0,n/a,0.0,0.0,,0.0,0.0,0.0,0.0,0.0
equal_area,data_matrix,medium,photo_recompress,photo_a15_bright_q50,3,0.0,0.0,0.0,0.0,0.0,0.0,n/a,0.0,0.0,,0.0,0.0,0.0,0.0,0.0
equal_area,data_matrix,medium,photo_recompress,photo_a15_dark_q50,3,0.0,0.0,0.0,0.0,0.0,0.0,n/a,0.0,0.0,,0.0,0.0,0.0,0.0,0.0
equal_area,data_matrix,medium,photo_recompress,photo_a15_normal_q50,3,0.0,0.0,0.0,0.0,0.0,0.0,n/a,0.0,0.0,,0.0,0.0,0.0,0.0,0.0
equal_area,data_matrix,medium,photo_recompress,photo_a30_bright_q50,3,0.0,0.0,0.0,0.0,0.0,0.0,n/a,0.0,0.0,,0.0,0.0,0.0,0.0,0.0
equal_area,data_matrix,medium,photo_recompress,photo_a30_dark_q50,3,0.0,0.0,0.0,0.0,0.0,0.0,n/a,0.0,0.0,,0.0,0.0,0.0,0.0,0.0
equal_area,data_matrix,medium,photo_recompress,photo_a30_normal_q50,3,0.0,0.0,0.0,0.0,0.0,0.0,n/a,0.0,0.0,,0.0,0.0,0.0,0.0,0.0
equal_area,data_matrix,medium,scale,scale_100,3,0.0,0.0,0.0,0.0,0.0,0.0,n/a,0.0,0.0,,0.0,0.0,0.0,0.0,0.0
equal_area,data_matrix,medium,scale,scale_25,3,0.0,0.0,0.0,0.0,0.0,0.0,n/a,0.0,0.0,,0.0,0.0,0.0,0.0,0.0
equal_area,data_matrix,medium,scale,scale_50,3,0.0,0.0,0.0,0.0,0.0,0.0,n/a,0.0,0.0,,0.0,0.0,0.0,0.0,0.0
equal_area,data_matrix,medium,scale,scale_75,3,0.0,0.0,0.0,0.0,0.0,0.0,n/a,0.0,0.0,,0.0,0.0,0.0,0.0,0.0
equal_area,data_matrix,small,colorspace_gamma,cool_tint,3,1.0,1.0,0.0,1.0,0.0,0.0,n/a,1.0,1.0,,6.825133323824654,1.9607333330592762,0.0,0.15633334017669162,9.64870000219283
equal_area,data_matrix,small,colorspace_gamma,gamma_070,3,1.0,1.0,1.0,1.0,0.0,0.0,n/a,1.0,1.0,,7.231600000523031,1.7290999918865662,0.0,0.138599988228331,9.760366646029675
equal_area,data_matrix,small,colorspace_gamma,gamma_140,3,1.0,1.0,1.0,1.0,0.0,0.0,n/a,1.0,1.0,,7.068500000362595,1.9190666692641873,0.0,0.18476666688608626,9.932733325210089
equal_area,data_matrix,small,colorspace_gamma,warm_tint,3,1.0,1.0,0.0,1.0,0.0,0.0,n/a,1.0,1.0,,7.086766670302798,2.238499999900038,0.0,0.16523333033546805,10.191233343599984
equal_area,data_matrix,small,grayscale,grayscale,3,1.0,1.0,1.0,1.0,0.0,0.0,n/a,1.0,1.0,,6.857666662350918,2.06686665963692,0.0,0.17640000442042947,9.846400003880262
equal_area,data_matrix,small,identity,identity,3,1.0,1.0,1.0,1.0,0.0,0.0,n/a,1.0,1.0,,7.0302666766413795,2.1902333246544003,0.0,0.1774333359207958,10.083699996660775
equal_area,data_matrix,small,jpeg,jpeg_q30,3,1.0,1.0,0.0,1.0,0.0,0.0,n/a,1.0,1.0,,6.375966661532099,1.925766662073632,0.0,0.17423333095697066,9.180333329519877
equal_area,data_matrix,small,jpeg,jpeg_q50,3,1.0,1.0,0.0,1.0,0.0,0.0,n/a,1.0,1.0,,7.6024666777811944,2.230966667411849,0.0,0.15713332686573267,10.710066659764076
equal_area,data_matrix,small,jpeg,jpeg_q65,3,1.0,1.0,0.0,1.0,0.0,0.0,n/a,1.0,1.0,,6.80600000002111,2.0458333213658384,0.0,0.14086666245323917,9.71003332718586
equal_area,data_matrix,small,jpeg,jpeg_q80,3,1.0,1.0,0.0,1.0,0.0,0.0,n/a,1.0,1.0,,6.583166677349557,2.306966664036736,0.0,0.16596666925276318,9.942499998336038
equal_area,data_matrix,small,jpeg,jpeg_q95,3,1.0,1.0,0.0,1.0,0.0,0.0,n/a,1.0,1.0,,7.348000013735145,1.8061333200118195,0.0,0.141066654274861,10.060799987210581
equal_area,data_matrix,small,photo_recompress,photo_a0_bright_q50,3,1.0,1.0,0.0,1.0,0.0,0.0,n/a,1.0,1.0,,6.780399999115616,2.7897333396443478,0.0,0.16543334155964354,10.509233339689672
equal_area,data_matrix,small,photo_recompress,photo_a0_dark_q50,3,1.0,1.0,0.0,1.0,0.0,0.0,n/a,1.0,1.0,,6.331233327121784,2.8323999916513762,0.0,0.16306667627456287,10.067633343472457
equal_area,data_matrix,small,photo_recompress,photo_a0_normal_q50,3,1.0,1.0,0.0,1.0,0.0,0.0,n/a,1.0,1.0,,6.843300002704685,3.1388666636000075,0.0,0.1852999945792059,10.954899994734054
equal_area,data_matrix,small,photo_recompress,photo_a15_bright_q50,3,1.0,1.0,0.0,1.0,0.0,0.0,n/a,1.0,1.0,,7.05730000239176,2.803999998529131,0.0,0.1395666719569514,10.687933332519606
equal_area,data_matrix,small,photo_recompress,photo_a15_dark_q50,3,1.0,1.0,0.0,1.0,0.0,0.0,n/a,1.0,1.0,,7.21446667254592,3.112600010354072,0.0,0.13563333777710795,11.187200007649759
equal_area,data_matrix,small,photo_recompress,photo_a15_normal_q50,3,1.0,1.0,0.0,1.0,0.0,0.0,n/a,1.0,1.0,,7.6975333407366024,3.208133343529577,0.0,0.22343333694152534,11.956300014086688
equal_area,data_matrix,small,photo_recompress,photo_a30_bright_q50,3,1.0,1.0,0.0,1.0,0.0,0.0,n/a,1.0,1.0,,6.353900011163205,3.8427666683370867,0.0,0.1852999945792059,11.073999989700193
equal_area,data_matrix,small,photo_recompress,photo_a30_dark_q50,3,1.0,1.0,0.0,1.0,0.0,0.0,n/a,1.0,1.0,,7.845666657279556,3.8316666711277017,0.0,0.19760000092598298,12.657299996741736
equal_area,data_matrix,small,photo_recompress,photo_a30_normal_q50,3,1.0,1.0,0.0,1.0,0.0,0.0,n/a,1.0,1.0,,6.99460000032559,3.6868666647933424,0.0,0.18643332684102157,11.735599992486337
equal_area,data_matrix,small,scale,scale_100,3,1.0,1.0,1.0,1.0,0.0,0.0,n/a,1.0,1.0,,7.763300003716722,1.9847333314828575,0.0,0.17366667937797806,10.662400008489689
equal_area,data_matrix,small,scale,scale_25,3,1.0,1.0,0.0,1.0,0.0,0.0,n/a,1.0,1.0,,6.383299992497389,3.882466679594169,0.0,0.21303333536100885,11.24833333111989
equal_area,data_matrix,small,scale,scale_50,3,1.0,1.0,0.0,1.0,0.0,0.0,n/a,1.0,1.0,,7.215999988450979,3.70693332903708,0.0,0.19646666866416732,11.834966668781513
equal_area,data_matrix,small,scale,scale_75,3,1.0,1.0,0.0,1.0,0.0,0.0,n/a,1.0,1.0,,6.741800005935754,2.5987666740547866,0.0,0.17339999127822617,10.281433331935355
equal_area,mosaic_outer_rs,large,colorspace_gamma,cool_tint,3,1.0,1.0,0.0,1.0,0.0,0.0,n/a,1.0,1.0,1.0,8.9107666669103,26.202733347114798,6.451066670706496,0.14463332869733372,42.63013332577733
equal_area,mosaic_outer_rs,large,colorspace_gamma,gamma_070,3,1.0,1.0,1.0,1.0,0.0,0.0,n/a,1.0,1.0,1.0,9.531433325416097,25.736199992631253,6.211400002939627,0.13389999124531946,42.59349998513547
equal_area,mosaic_outer_rs,large,colorspace_gamma,gamma_140,3,1.0,1.0,1.0,1.0,0.0,0.0,n/a,1.0,1.0,1.0,9.139266670293486,27.331366659685347,6.506833344853173,0.1634333263306568,44.125633333654456
equal_area,mosaic_outer_rs,large,colorspace_gamma,warm_tint,3,1.0,1.0,0.0,1.0,0.0,0.0,n/a,1.0,1.0,1.0,9.070066657538215,25.898166650828596,7.910766667919233,0.14016667652564743,43.889500006722905
equal_area,mosaic_outer_rs,large,grayscale,grayscale,3,1.0,1.0,1.0,1.0,0.0,0.0,n/a,1.0,1.0,1.0,9.656266658566892,27.930266679807875,6.049933329146977,0.1244000062191238,44.64250000698181
equal_area,mosaic_outer_rs,large,identity,identity,3,1.0,1.0,1.0,1.0,0.0,0.0,n/a,1.0,1.0,1.0,9.025233332067728,25.173033335401367,6.217133331423004,0.14166666854483387,41.478933329926804
equal_area,mosaic_outer_rs,large,jpeg,jpeg_q30,3,1.0,1.0,0.0,1.0,0.0,0.0,n/a,1.0,1.0,1.0,8.755266656711077,30.178466675958287,6.13146666243362,0.12806666200049222,46.15856666350737
equal_area,mosaic_outer_rs,large,jpeg,jpeg_q50,3,1.0,1.0,0.0,1.0,0.0,0.0,n/a,1.0,1.0,1.0,9.024866672310358,24.570300001262996,6.25190000088575,0.1360333311216285,40.864566661184654
equal_area,mosaic_outer_rs,large,jpeg,jpeg_q65,3,1.0,1.0,0.0,1.0,0.0,0.0,n/a,1.0,1.0,1.0,9.207866668778783,24.877866671886295,6.702300005902846,0.14059999375604093,41.83039998558039
equal_area,mosaic_outer_rs,large,jpeg,jpeg_q80,3,1.0,1.0,0.0,1.0,0.0,0.0,n/a,1.0,1.0,1.0,9.012533342077708,26.96443331660703,8.248866671541085,0.18620000143224993,45.42233332176693
equal_area,mosaic_outer_rs,large,jpeg,jpeg_q95,3,1.0,1.0,0.0,1.0,0.0,0.0,n/a,1.0,1.0,1.0,9.431833333413428,24.894799998340506,6.692533342478176,0.16169999920142195,42.12020000947329
equal_area,mosaic_outer_rs,large,photo_recompress,photo_a0_bright_q50,3,1.0,1.0,0.0,1.0,0.0,0.0,n/a,1.0,1.0,1.0,8.903666661353782,32.41206665794986,6.178566662129015,0.16503332881256938,48.68703332613222
equal_area,mosaic_outer_rs,large,photo_recompress,photo_a0_dark_q50,3,1.0,1.0,0.0,1.0,0.0,0.0,n/a,1.0,1.0,1.0,8.843733337319767,27.391200012061745,6.191833323100582,0.13226667457881072,43.472666662031166
equal_area,mosaic_outer_rs,large,photo_recompress,photo_a0_normal_q50,3,1.0,1.0,0.0,1.0,0.0,0.0,n/a,1.0,1.0,1.0,9.121899997505048,26.917766663245857,6.381599998955305,0.14956666079039374,43.47086665802635
equal_area,mosaic_outer_rs,large,photo_recompress,photo_a15_bright_q50,3,1.0,1.0,0.0,1.0,0.0,0.0,n/a,1.0,1.0,1.0,9.566333329227442,30.5459000034413,14.527066668961197,0.18419999590454003,55.8040666510351
equal_area,mosaic_outer_rs,large,photo_recompress,photo_a15_dark_q50,3,1.0,1.0,0.0,1.0,0.0,0.0,n/a,1.0,1.0,1.0,8.772033334632093,25.21786667057313,6.120099996527036,0.14090000574166575,41.170599996500336
equal_area,mosaic_outer_rs,large,photo_recompress,photo_a15_normal_q50,3,1.0,1.0,0.0,1.0,0.0,0.0,n/a,1.0,1.0,1.0,9.075733338249847,26.808466665291537,6.186666655897473,0.13936666073277593,43.13133332955962
equal_area,mosaic_outer_rs,large,photo_recompress,photo_a30_bright_q50,3,1.0,1.0,0.0,1.0,0.0,0.0,n/a,1.0,1.0,1.0,8.914533333154395,31.185266668520246,11.672233338079726,0.13796665977376202,52.850933328348525
equal_area,mosaic_outer_rs,large,photo_recompress,photo_a30_dark_q50,3,1.0,1.0,0.0,1.0,0.0,0.0,n/a,1.0,1.0,1.0,8.47089999782232,25.04583333696549,12.79273332329467,0.1406666609303405,47.43483332761874
equal_area,mosaic_outer_rs,large,photo_recompress,photo_a30_normal_q50,3,1.0,1.0,0.0,1.0,0.0,0.0,n/a,1.0,1.0,1.0,8.964066675010448,26.51619998505339,12.243400007719174,0.13326667249202728,48.734333337051794
equal_area,mosaic_outer_rs,large,scale,scale_100,3,1.0,1.0,1.0,1.0,0.0,0.0,n/a,1.0,1.0,1.0,9.652133342266703,27.423866665534053,6.247133327027162,0.13859999792960784,44.42186666225704
equal_area,mosaic_outer_rs,large,scale,scale_25,3,1.0,1.0,0.0,0.0,0.0,0.0,n/a,1.0,0.0,1.0,9.081233341324454,15.015800008162236,0.0,0.0012333427245418231,25.035600013022
equal_area,mosaic_outer_rs,large,scale,scale_50,3,1.0,1.0,0.0,1.0,0.0,0.0,n/a,1.0,1.0,1.0,9.444433332343275,27.950766661282007,6.125499998840193,0.1300000100551794,44.52606668928638
equal_area,mosaic_outer_rs,large,scale,scale_75,3,1.0,1.0,0.0,1.0,0.0,0.0,n/a,1.0,1.0,1.0,9.864833332054937,24.987566672886413,6.373166669315348,0.1496333279646933,42.366766661871225
equal_area,mosaic_outer_rs,medium,colorspace_gamma,cool_tint,3,1.0,1.0,0.0,1.0,0.0,0.0,n/a,1.0,1.0,1.0,8.130266660979638,10.998766665579751,3.035399994890516,0.16036665571543077,23.271333319523062
equal_area,mosaic_outer_rs,medium,colorspace_gamma,gamma_070,3,1.0,1.0,1.0,1.0,0.0,0.0,n/a,1.0,1.0,1.0,7.751166655604417,9.313900004296253,2.4008999850290516,0.11573333176784217,20.389566673353936
equal_area,mosaic_outer_rs,medium,colorspace_gamma,gamma_140,3,1.0,1.0,1.0,1.0,0.0,0.0,n/a,1.0,1.0,1.0,7.228633330669254,9.275133323778087,2.3850666669507823,0.11609999152521293,19.765933325591806
equal_area,mosaic_outer_rs,medium,colorspace_gamma,warm_tint,3,1.0,1.0,0.0,1.0,0.0,0.0,n/a,1.0,1.0,1.0,7.2432000015396625,9.526866672482962,2.587166663336878,0.12573334000383815,20.239333340820547
equal_area,mosaic_outer_rs,medium,grayscale,grayscale,3,1.0,1.0,1.0,1.0,0.0,0.0,n/a,1.0,1.0,1.0,10.339033343673995,11.282900008761013,3.319933331416299,0.16026666465525827,25.974500002727535
equal_area,mosaic_outer_rs,medium,identity,identity,3,1.0,1.0,1.0,1.0,0.0,0.0,n/a,1.0,1.0,1.0,8.016500001152357,11.72986666400296,2.798000001348555,0.1456333363118271,23.546933332302917
equal_area,mosaic_outer_rs,medium,jpeg,jpeg_q30,3,1.0,1.0,0.0,1.0,0.0,0.0,n/a,1.0,1.0,1.0,8.0015666608233,9.691466664662585,2.573600000080963,0.12800000452746949,21.173833335827414
equal_area,mosaic_outer_rs,medium,jpeg,jpeg_q50,3,1.0,1.0,0.0,1.0,0.0,0.0,n/a,1.0,1.0,1.0,9.00910001170511,9.503299991289774,2.46136665615874,0.13529999220433334,21.94309999079754
equal_area,mosaic_outer_rs,medium,jpeg,jpeg_q65,3,1.0,1.0,0.0,1.0,0.0,0.0,n/a,1.0,1.0,1.0,9.350633335998282,11.117699992610142,2.671933335174496,0.14806665906993052,24.382399996587385
equal_area,mosaic_outer_rs,medium,jpeg,jpeg_q80,3,1.0,1.0,0.0,1.0,0.0,0.0,n/a,1.0,1.0,1.0,7.679866675365095,10.348766663810238,2.482833331062769,0.1317000035972645,21.434666666512687
equal_area,mosaic_outer_rs,medium,jpeg,jpeg_q95,3,1.0,1.0,0.0,1.0,0.0,0.0,n/a,1.0,1.0,1.0,9.135333326412365,11.345133340607086,2.433299998907993,0.12790000376602015,24.040666670771316
equal_area,mosaic_outer_rs,medium,photo_recompress,photo_a0_bright_q50,3,1.0,1.0,0.0,1.0,0.0,0.0,n/a,1.0,1.0,1.0,7.4714999936986715,11.748833329572031,2.4617000114327916,0.12866667627046505,22.780233344140772
equal_area,mosaic_outer_rs,medium,photo_recompress,photo_a0_dark_q50,3,1.0,1.0,0.0,1.0,0.0,0.0,n/a,1.0,1.0,1.0,8.587166666984558,11.709966667694971,3.5685999998046705,0.18599999990935126,25.015033335269738
equal_area,mosaic_outer_rs,medium,photo_recompress,photo_a0_normal_q50,3,1.0,1.0,0.0,1.0,0.0,0.0,n/a,1.0,1.0,1.0,8.090366667602211,10.81119998707436,2.9009666662508002,0.15216666118552288,22.82279999538635
equal_area,mosaic_outer_rs,medium,photo_recompress,photo_a15_bright_q50,3,1.0,1.0,0.0,1.0,0.0,0.0,n/a,1.0,1.0,1.0,7.934000003539647,11.288999997001762,2.4278999965948365,0.1273333424857507,22.642566676950082
equal_area,mosaic_outer_rs,medium,photo_recompress,photo_a15_dark_q50,3,1.0,1.0,0.0,1.0,0.0,0.0,n/a,1.0,1.0,1.0,7.613133328656356,12.344833337313807,2.6100666630857936,0.12280000373721123,23.54656667254555
equal_area,mosaic_outer_rs,medium,photo_recompress,photo_a15_normal_q50,3,1.0,1.0,0.0,1.0,0.0,0.0,n/a,1.0,1.0,1.0,7.711599998098488,12.71219999762252,2.4907666665967554,0.12813332917479178,23.888600010347243
equal_area,mosaic_outer_rs,medium,photo_recompress,photo_a30_bright_q50,3,1.0,1.0,0.0,1.0,0.0,0.0,n/a,1.0,1.0,1.0,7.247533338765304,10.20589999582929,2.519933341924722,0.16403333089935282,20.991133331942063
equal_area,mosaic_outer_rs,medium,photo_recompress,photo_a30_dark_q50,3,1.0,1.0,0.0,1.0,0.0,0.0,n/a,1.0,1.0,1.0,8.781266670363644,11.587366675181935,2.558666659751907,0.146333312538142,23.994566649586584
equal_area,mosaic_outer_rs,medium,photo_recompress,photo_a30_normal_q50,3,1.0,1.0,0.0,1.0,0.0,0.0,n/a,1.0,1.0,1.0,7.847300003049895,12.031099991872907,3.3514000145563236,0.16603332672578594,24.309933331096545
equal_area,mosaic_outer_rs,medium,scale,scale_100,3,1.0,1.0,1.0,1.0,0.0,0.0,n/a,1.0,1.0,1.0,8.349833340616897,11.193966667633504,3.3215333338982114,0.15640000735099116,23.873900014829513
equal_area,mosaic_outer_rs,medium,scale,scale_25,3,1.0,1.0,0.0,0.0,0.0,0.0,n/a,1.0,0.0,1.0,7.511366663190226,10.72326666326262,0.0,0.0009333210376401743,19.055066659348086
equal_area,mosaic_outer_rs,medium,scale,scale_50,3,1.0,1.0,0.0,1.0,0.0,0.0,n/a,1.0,1.0,1.0,8.389466665297126,10.082133337467289,2.5668333400972188,0.13573332883728048,22.062099994703505
equal_area,mosaic_outer_rs,medium,scale,scale_75,3,1.0,1.0,0.0,1.0,0.0,0.0,n/a,1.0,1.0,1.0,7.796433327409129,9.673533330593878,2.6599333311120668,0.1634666599178066,21.104799991007894
equal_area,mosaic_outer_rs,small,colorspace_gamma,cool_tint,3,1.0,1.0,0.0,1.0,0.0,0.0,n/a,1.0,1.0,1.0,8.669899999707317,7.132866681786254,1.2107333362412949,0.14763334183953702,18.06763334510227
equal_area,mosaic_outer_rs,small,colorspace_gamma,gamma_070,3,1.0,1.0,1.0,1.0,0.0,0.0,n/a,1.0,1.0,1.0,9.07976667319114,9.255333328231549,1.3927000109106302,0.16010000642078617,20.850433327723294
equal_area,mosaic_outer_rs,small,colorspace_gamma,gamma_140,3,1.0,1.0,1.0,1.0,0.0,0.0,n/a,1.0,1.0,1.0,9.182333335047588,9.143866676216325,1.0547666752245277,0.13266666792333126,20.393399997071054
equal_area,mosaic_outer_rs,small,colorspace_gamma,warm_tint,3,1.0,1.0,0.0,1.0,0.0,0.0,n/a,1.0,1.0,1.0,7.776100004169469,7.871200000712027,1.0521666748293985,0.1423666641737024,17.695133331775043
equal_area,mosaic_outer_rs,small,grayscale,grayscale,3,1.0,1.0,1.0,1.0,0.0,0.0,n/a,1.0,1.0,1.0,8.062899995517606,7.073900002675752,0.994199993632113,0.1138333270015816,17.057299992302433
equal_area,mosaic_outer_rs,small,identity,identity,3,1.0,1.0,1.0,1.0,0.0,0.0,n/a,1.0,1.0,1.0,6.8826333348018425,7.899366658724223,1.2417666730470955,0.14450000405001143,16.97696666815318
equal_area,mosaic_outer_rs,small,jpeg,jpeg_q30,3,1.0,1.0,0.0,1.0,0.0,0.0,n/a,1.0,1.0,1.0,7.758133336513613,7.406433336048697,1.087100002526616,0.13416665994251767,17.319299988836672
equal_area,mosaic_outer_rs,small,jpeg,jpeg_q50,3,1.0,1.0,0.0,1.0,0.0,0.0,n/a,1.0,1.0,1.0,7.906966677789266,8.42043332522735,1.1218666719893615,0.1392666599713266,18.496666656574234
equal_area,mosaic_outer_rs,small,jpeg,jpeg_q65,3,1.0,1.0,0.0,1.0,0.0,0.0,n/a,1.0,1.0,1.0,8.199533331207931,7.86583333198602,0.9865333461978784,0.11500000255182385,17.97896667267196
equal_area,mosaic_outer_rs,small,jpeg,jpeg_q80,3,1.0,1.0,0.0,1.0,0.0,0.0,n/a,1.0,1.0,1.0,7.865066669182852,6.937633336444075,0.9865333267953247,0.1158666661164413,16.82176666993958
equal_area,mosaic_outer_rs,small,jpeg,jpeg_q95,3,1.0,1.0,0.0,1.0,0.0,0.0,n/a,1.0,1.0,1.0,7.387733339176823,6.807899985384817,0.9806666736646245,0.11323332243288557,16.092066653072834
equal_area,mosaic_outer_rs,small,photo_recompress,photo_a0_bright_q50,3,1.0,1.0,0.0,1.0,0.0,0.0,n/a,1.0,1.0,1.0,8.17286666521492,9.569666668539867,1.444366673240438,0.16029999824240804,20.199566662389163
equal_area,mosaic_outer_rs,small,photo_recompress,photo_a0_dark_q50,3,1.0,1.0,0.0,1.0,0.0,0.0,n/a,1.0,1.0,1.0,7.4622333340812474,9.2180000016621,1.3330666600571324,0.12823332993624112,18.93026665978444
equal_area,mosaic_outer_rs,small,photo_recompress,photo_a0_normal_q50,3,1.0,1.0,0.0,1.0,0.0,0.0,n/a,1.0,1.0,1.0,7.126033344926934,7.820699984828631,1.4115333421311032,0.1441999920643866,17.356033330239978
equal_area,mosaic_outer_rs,small,photo_recompress,photo_a15_bright_q50,3,1.0,1.0,0.0,1.0,0.0,0.0,n/a,1.0,1.0,1.0,7.400933332974091,8.788766669264684,1.0632666623375069,0.14290001126937568,18.385666684480384
equal_area,mosaic_outer_rs,small,photo_recompress,photo_a15_dark_q50,3,1.0,1.0,0.0,1.0,0.0,0.0,n/a,1.0,1.0,1.0,8.018799999263138,9.02626667326937,1.0956333329280217,0.14463333839861056,19.24880001267108
equal_area,mosaic_outer_rs,small,photo_recompress,photo_a15_normal_q50,3,1.0,1.0,0.0,1.0,0.0,0.0,n/a,1.0,1.0,1.0,7.120866658321272,7.010499995279436,1.0210333372621487,0.11860000086016953,16.07443334069103
equal_area,mosaic_outer_rs,small,photo_recompress,photo_a30_bright_q50,3,1.0,1.0,0.0,1.0,0.0,0.0,n/a,1.0,1.0,1.0,7.449199998518452,7.818766685280328,0.9958333297011753,0.11743333501120408,17.232933333919693
equal_area,mosaic_outer_rs,small,photo_recompress,photo_a30_dark_q50,3,1.0,1.0,0.0,1.0,0.0,0.0,n/a,1.0,1.0,1.0,7.743099995423108,7.951066674043735,1.0224666718083124,0.11893334643294413,17.81273335412455
equal_area,mosaic_outer_rs,small,photo_recompress,photo_a30_normal_q50,3,1.0,1.0,0.0,1.0,0.0,0.0,n/a,1.0,1.0,1.0,7.646333329224338,7.873066671891138,0.9936666659389933,0.11810000675419967,17.48986667371355
equal_area,mosaic_outer_rs,small,scale,scale_100,3,1.0,1.0,1.0,1.0,0.0,0.0,n/a,1.0,1.0,1.0,9.610566669531787,8.779366665597385,1.2582666628683608,0.16383332937645415,20.87716667059188
equal_area,mosaic_outer_rs,small,scale,scale_25,3,1.0,1.0,0.0,1.0,0.0,0.0,n/a,1.0,1.0,1.0,7.943733333377168,7.521433338600521,1.2237000046297908,0.12459999804074566,17.60633333469741
equal_area,mosaic_outer_rs,small,scale,scale_50,3,1.0,1.0,0.0,1.0,0.0,0.0,n/a,1.0,1.0,1.0,8.426466665696353,9.52010000279794,1.9184666646954913,0.22496667224913836,21.041200001491234
equal_area,mosaic_outer_rs,small,scale,scale_75,3,1.0,1.0,0.0,1.0,0.0,0.0,n/a,1.0,1.0,1.0,8.26676667202264,8.738633332541212,1.034899993101135,0.1354000026670595,19.028133334359154
equal_area,qr_H,large,colorspace_gamma,cool_tint,3,0.0,0.0,0.0,0.0,0.0,0.0,n/a,0.0,0.0,,0.0,0.0,0.0,0.0,0.0
equal_area,qr_H,large,colorspace_gamma,gamma_070,3,0.0,0.0,0.0,0.0,0.0,0.0,n/a,0.0,0.0,,0.0,0.0,0.0,0.0,0.0
equal_area,qr_H,large,colorspace_gamma,gamma_140,3,0.0,0.0,0.0,0.0,0.0,0.0,n/a,0.0,0.0,,0.0,0.0,0.0,0.0,0.0
equal_area,qr_H,large,colorspace_gamma,warm_tint,3,0.0,0.0,0.0,0.0,0.0,0.0,n/a,0.0,0.0,,0.0,0.0,0.0,0.0,0.0
equal_area,qr_H,large,grayscale,grayscale,3,0.0,0.0,0.0,0.0,0.0,0.0,n/a,0.0,0.0,,0.0,0.0,0.0,0.0,0.0
equal_area,qr_H,large,identity,identity,3,0.0,0.0,0.0,0.0,0.0,0.0,n/a,0.0,0.0,,0.0,0.0,0.0,0.0,0.0
equal_area,qr_H,large,jpeg,jpeg_q30,3,0.0,0.0,0.0,0.0,0.0,0.0,n/a,0.0,0.0,,0.0,0.0,0.0,0.0,0.0
equal_area,qr_H,large,jpeg,jpeg_q50,3,0.0,0.0,0.0,0.0,0.0,0.0,n/a,0.0,0.0,,0.0,0.0,0.0,0.0,0.0
equal_area,qr_H,large,jpeg,jpeg_q65,3,0.0,0.0,0.0,0.0,0.0,0.0,n/a,0.0,0.0,,0.0,0.0,0.0,0.0,0.0
equal_area,qr_H,large,jpeg,jpeg_q80,3,0.0,0.0,0.0,0.0,0.0,0.0,n/a,0.0,0.0,,0.0,0.0,0.0,0.0,0.0
equal_area,qr_H,large,jpeg,jpeg_q95,3,0.0,0.0,0.0,0.0,0.0,0.0,n/a,0.0,0.0,,0.0,0.0,0.0,0.0,0.0
equal_area,qr_H,large,photo_recompress,photo_a0_bright_q50,3,0.0,0.0,0.0,0.0,0.0,0.0,n/a,0.0,0.0,,0.0,0.0,0.0,0.0,0.0
equal_area,qr_H,large,photo_recompress,photo_a0_dark_q50,3,0.0,0.0,0.0,0.0,0.0,0.0,n/a,0.0,0.0,,0.0,0.0,0.0,0.0,0.0
equal_area,qr_H,large,photo_recompress,photo_a0_normal_q50,3,0.0,0.0,0.0,0.0,0.0,0.0,n/a,0.0,0.0,,0.0,0.0,0.0,0.0,0.0
equal_area,qr_H,large,photo_recompress,photo_a15_bright_q50,3,0.0,0.0,0.0,0.0,0.0,0.0,n/a,0.0,0.0,,0.0,0.0,0.0,0.0,0.0
equal_area,qr_H,large,photo_recompress,photo_a15_dark_q50,3,0.0,0.0,0.0,0.0,0.0,0.0,n/a,0.0,0.0,,0.0,0.0,0.0,0.0,0.0
equal_area,qr_H,large,photo_recompress,photo_a15_normal_q50,3,0.0,0.0,0.0,0.0,0.0,0.0,n/a,0.0,0.0,,0.0,0.0,0.0,0.0,0.0
equal_area,qr_H,large,photo_recompress,photo_a30_bright_q50,3,0.0,0.0,0.0,0.0,0.0,0.0,n/a,0.0,0.0,,0.0,0.0,0.0,0.0,0.0
equal_area,qr_H,large,photo_recompress,photo_a30_dark_q50,3,0.0,0.0,0.0,0.0,0.0,0.0,n/a,0.0,0.0,,0.0,0.0,0.0,0.0,0.0
equal_area,qr_H,large,photo_recompress,photo_a30_normal_q50,3,0.0,0.0,0.0,0.0,0.0,0.0,n/a,0.0,0.0,,0.0,0.0,0.0,0.0,0.0
equal_area,qr_H,large,scale,scale_100,3,0.0,0.0,0.0,0.0,0.0,0.0,n/a,0.0,0.0,,0.0,0.0,0.0,0.0,0.0
equal_area,qr_H,large,scale,scale_25,3,0.0,0.0,0.0,0.0,0.0,0.0,n/a,0.0,0.0,,0.0,0.0,0.0,0.0,0.0
equal_area,qr_H,large,scale,scale_50,3,0.0,0.0,0.0,0.0,0.0,0.0,n/a,0.0,0.0,,0.0,0.0,0.0,0.0,0.0
equal_area,qr_H,large,scale,scale_75,3,0.0,0.0,0.0,0.0,0.0,0.0,n/a,0.0,0.0,,0.0,0.0,0.0,0.0,0.0
equal_area,qr_H,medium,colorspace_gamma,cool_tint,3,0.0,0.0,0.0,0.0,0.0,0.0,n/a,0.0,0.0,,0.0,0.0,0.0,0.0,0.0
equal_area,qr_H,medium,colorspace_gamma,gamma_070,3,0.0,0.0,0.0,0.0,0.0,0.0,n/a,0.0,0.0,,0.0,0.0,0.0,0.0,0.0
equal_area,qr_H,medium,colorspace_gamma,gamma_140,3,0.0,0.0,0.0,0.0,0.0,0.0,n/a,0.0,0.0,,0.0,0.0,0.0,0.0,0.0
equal_area,qr_H,medium,colorspace_gamma,warm_tint,3,0.0,0.0,0.0,0.0,0.0,0.0,n/a,0.0,0.0,,0.0,0.0,0.0,0.0,0.0
equal_area,qr_H,medium,grayscale,grayscale,3,0.0,0.0,0.0,0.0,0.0,0.0,n/a,0.0,0.0,,0.0,0.0,0.0,0.0,0.0
equal_area,qr_H,medium,identity,identity,3,0.0,0.0,0.0,0.0,0.0,0.0,n/a,0.0,0.0,,0.0,0.0,0.0,0.0,0.0
equal_area,qr_H,medium,jpeg,jpeg_q30,3,0.0,0.0,0.0,0.0,0.0,0.0,n/a,0.0,0.0,,0.0,0.0,0.0,0.0,0.0
equal_area,qr_H,medium,jpeg,jpeg_q50,3,0.0,0.0,0.0,0.0,0.0,0.0,n/a,0.0,0.0,,0.0,0.0,0.0,0.0,0.0
equal_area,qr_H,medium,jpeg,jpeg_q65,3,0.0,0.0,0.0,0.0,0.0,0.0,n/a,0.0,0.0,,0.0,0.0,0.0,0.0,0.0
equal_area,qr_H,medium,jpeg,jpeg_q80,3,0.0,0.0,0.0,0.0,0.0,0.0,n/a,0.0,0.0,,0.0,0.0,0.0,0.0,0.0
equal_area,qr_H,medium,jpeg,jpeg_q95,3,0.0,0.0,0.0,0.0,0.0,0.0,n/a,0.0,0.0,,0.0,0.0,0.0,0.0,0.0
equal_area,qr_H,medium,photo_recompress,photo_a0_bright_q50,3,0.0,0.0,0.0,0.0,0.0,0.0,n/a,0.0,0.0,,0.0,0.0,0.0,0.0,0.0
equal_area,qr_H,medium,photo_recompress,photo_a0_dark_q50,3,0.0,0.0,0.0,0.0,0.0,0.0,n/a,0.0,0.0,,0.0,0.0,0.0,0.0,0.0
equal_area,qr_H,medium,photo_recompress,photo_a0_normal_q50,3,0.0,0.0,0.0,0.0,0.0,0.0,n/a,0.0,0.0,,0.0,0.0,0.0,0.0,0.0
equal_area,qr_H,medium,photo_recompress,photo_a15_bright_q50,3,0.0,0.0,0.0,0.0,0.0,0.0,n/a,0.0,0.0,,0.0,0.0,0.0,0.0,0.0
equal_area,qr_H,medium,photo_recompress,photo_a15_dark_q50,3,0.0,0.0,0.0,0.0,0.0,0.0,n/a,0.0,0.0,,0.0,0.0,0.0,0.0,0.0
equal_area,qr_H,medium,photo_recompress,photo_a15_normal_q50,3,0.0,0.0,0.0,0.0,0.0,0.0,n/a,0.0,0.0,,0.0,0.0,0.0,0.0,0.0
equal_area,qr_H,medium,photo_recompress,photo_a30_bright_q50,3,0.0,0.0,0.0,0.0,0.0,0.0,n/a,0.0,0.0,,0.0,0.0,0.0,0.0,0.0
equal_area,qr_H,medium,photo_recompress,photo_a30_dark_q50,3,0.0,0.0,0.0,0.0,0.0,0.0,n/a,0.0,0.0,,0.0,0.0,0.0,0.0,0.0
equal_area,qr_H,medium,photo_recompress,photo_a30_normal_q50,3,0.0,0.0,0.0,0.0,0.0,0.0,n/a,0.0,0.0,,0.0,0.0,0.0,0.0,0.0
equal_area,qr_H,medium,scale,scale_100,3,0.0,0.0,0.0,0.0,0.0,0.0,n/a,0.0,0.0,,0.0,0.0,0.0,0.0,0.0
equal_area,qr_H,medium,scale,scale_25,3,0.0,0.0,0.0,0.0,0.0,0.0,n/a,0.0,0.0,,0.0,0.0,0.0,0.0,0.0
equal_area,qr_H,medium,scale,scale_50,3,0.0,0.0,0.0,0.0,0.0,0.0,n/a,0.0,0.0,,0.0,0.0,0.0,0.0,0.0
equal_area,qr_H,medium,scale,scale_75,3,0.0,0.0,0.0,0.0,0.0,0.0,n/a,0.0,0.0,,0.0,0.0,0.0,0.0,0.0
equal_area,qr_H,small,colorspace_gamma,cool_tint,3,1.0,1.0,0.0,1.0,0.0,0.0,n/a,1.0,1.0,,7.407033330916117,4.882399992008383,0.0,0.1839333272073418,13.19813333490553
equal_area,qr_H,small,colorspace_gamma,gamma_070,3,1.0,1.0,1.0,1.0,0.0,0.0,n/a,1.0,1.0,,7.830266666132957,4.5571999993020045,0.0,0.14413333459136388,13.28296666421617
equal_area,qr_H,small,colorspace_gamma,gamma_140,3,1.0,1.0,1.0,1.0,0.0,0.0,n/a,1.0,1.0,,7.894233334809542,4.553666658466682,0.0,0.13866666510390738,13.313066660581777
equal_area,qr_H,small,colorspace_gamma,warm_tint,3,1.0,1.0,0.0,1.0,0.0,0.0,n/a,1.0,1.0,,8.504066664803153,5.427433342750494,0.0,0.17253333741488555,14.835833329319334
equal_area,qr_H,small,grayscale,grayscale,3,1.0,1.0,1.0,1.0,0.0,0.0,n/a,1.0,1.0,,7.9975333355832845,5.617299999964113,0.0,0.21906665642745793,14.774366660276428
equal_area,qr_H,small,identity,identity,3,1.0,1.0,1.0,1.0,0.0,0.0,n/a,1.0,1.0,,7.542933327689146,5.2346333298676955,0.0,0.13849998746688166,13.62216665681141
equal_area,qr_H,small,jpeg,jpeg_q30,3,1.0,1.0,0.0,1.0,0.0,0.0,n/a,1.0,1.0,,9.913766669342294,5.47446667527159,0.0,0.1850333355832845,16.40836666532171
equal_area,qr_H,small,jpeg,jpeg_q50,3,1.0,1.0,0.0,1.0,0.0,0.0,n/a,1.0,1.0,,6.854766669372718,4.64533333433792,0.0,0.1667333320559313,12.435200003286203
equal_area,qr_H,small,jpeg,jpeg_q65,3,1.0,1.0,0.0,1.0,0.0,0.0,n/a,1.0,1.0,,7.526033334822084,4.832199988110612,0.0,0.14563332661055028,13.23019999351042
equal_area,qr_H,small,jpeg,jpeg_q80,3,1.0,1.0,0.0,1.0,0.0,0.0,n/a,1.0,1.0,,7.375166664132848,4.349066672148183,0.0,0.14086666245323917,12.64390000142157
equal_area,qr_H,small,jpeg,jpeg_q95,3,1.0,1.0,0.0,1.0,0.0,0.0,n/a,1.0,1.0,,7.321766674673806,4.477033343088503,0.0,0.14156666778338453,12.663566652918234
equal_area,qr_H,small,photo_recompress,photo_a0_bright_q50,3,1.0,1.0,0.0,1.0,0.0,0.0,n/a,1.0,1.0,,8.095333342983698,4.275733323690171,0.0,0.19243333372287452,13.354800001252443
equal_area,qr_H,small,photo_recompress,photo_a0_dark_q50,3,1.0,1.0,0.0,1.0,0.0,0.0,n/a,1.0,1.0,,7.150599994929507,5.039299993465344,0.0,0.15553333408509692,13.120899995556101
equal_area,qr_H,small,photo_recompress,photo_a0_normal_q50,3,1.0,1.0,0.0,1.0,0.0,0.0,n/a,1.0,1.0,,6.508233326409633,4.795833345269784,0.0,0.14276666721949974,12.167533345442886
equal_area,qr_H,small,photo_recompress,photo_a15_bright_q50,3,1.0,1.0,0.0,1.0,0.0,0.0,n/a,1.0,1.0,,7.64799999888055,5.087366657486807,0.0,0.2169666598395755,13.779866664359966
equal_area,qr_H,small,photo_recompress,photo_a15_dark_q50,3,1.0,1.0,0.0,1.0,0.0,0.0,n/a,1.0,1.0,,6.559833331266418,5.069500000293677,0.0,0.14929999209319553,12.513133328563223
equal_area,qr_H,small,photo_recompress,photo_a15_normal_q50,3,1.0,1.0,0.0,1.0,0.0,0.0,n/a,1.0,1.0,,7.015200001963724,4.08380000347582,0.0,0.16179999996287128,12.073166678116346
equal_area,qr_H,small,photo_recompress,photo_a30_bright_q50,3,1.0,1.0,0.0,1.0,0.0,0.0,n/a,1.0,1.0,,7.836899991768102,4.143033341582243,0.0,0.1649999952254196,12.914999999338761
equal_area,qr_H,small,photo_recompress,photo_a30_dark_q50,3,1.0,1.0,0.0,1.0,0.0,0.0,n/a,1.0,1.0,,7.171233339856069,4.227300009612615,0.0,0.13533334519403675,12.301500003862506
equal_area,qr_H,small,photo_recompress,photo_a30_normal_q50,3,1.0,1.0,0.0,1.0,0.0,0.0,n/a,1.0,1.0,,7.189233331397797,4.127633340734367,0.0,0.1429666687423984,12.237566659071794
equal_area,qr_H,small,scale,scale_100,3,1.0,1.0,1.0,1.0,0.0,0.0,n/a,1.0,1.0,,7.714733335888013,4.735366674140096,0.0,0.1376000097176681,13.308733342758691
equal_area,qr_H,small,scale,scale_25,3,1.0,1.0,0.0,1.0,0.0,0.0,n/a,1.0,1.0,,8.445300006618103,7.017266674665734,0.0,0.20710000535473228,16.546600013195228
equal_area,qr_H,small,scale,scale_50,3,1.0,1.0,0.0,1.0,0.0,0.0,n/a,1.0,1.0,,8.377699996344745,5.254366667941213,0.0,0.16479999370252094,14.613566648525497
equal_area,qr_H,small,scale,scale_75,3,1.0,1.0,0.0,1.0,0.0,0.0,n/a,1.0,1.0,,7.529766667479028,4.3144666706211865,0.0,0.14756665526268384,12.71749998947295
equal_area,qr_L,large,colorspace_gamma,cool_tint,3,0.0,0.0,0.0,0.0,0.0,0.0,n/a,0.0,0.0,,0.0,0.0,0.0,0.0,0.0
equal_area,qr_L,large,colorspace_gamma,gamma_070,3,0.0,0.0,0.0,0.0,0.0,0.0,n/a,0.0,0.0,,0.0,0.0,0.0,0.0,0.0
equal_area,qr_L,large,colorspace_gamma,gamma_140,3,0.0,0.0,0.0,0.0,0.0,0.0,n/a,0.0,0.0,,0.0,0.0,0.0,0.0,0.0
equal_area,qr_L,large,colorspace_gamma,warm_tint,3,0.0,0.0,0.0,0.0,0.0,0.0,n/a,0.0,0.0,,0.0,0.0,0.0,0.0,0.0
equal_area,qr_L,large,grayscale,grayscale,3,0.0,0.0,0.0,0.0,0.0,0.0,n/a,0.0,0.0,,0.0,0.0,0.0,0.0,0.0
equal_area,qr_L,large,identity,identity,3,0.0,0.0,0.0,0.0,0.0,0.0,n/a,0.0,0.0,,0.0,0.0,0.0,0.0,0.0
equal_area,qr_L,large,jpeg,jpeg_q30,3,0.0,0.0,0.0,0.0,0.0,0.0,n/a,0.0,0.0,,0.0,0.0,0.0,0.0,0.0
equal_area,qr_L,large,jpeg,jpeg_q50,3,0.0,0.0,0.0,0.0,0.0,0.0,n/a,0.0,0.0,,0.0,0.0,0.0,0.0,0.0
equal_area,qr_L,large,jpeg,jpeg_q65,3,0.0,0.0,0.0,0.0,0.0,0.0,n/a,0.0,0.0,,0.0,0.0,0.0,0.0,0.0
equal_area,qr_L,large,jpeg,jpeg_q80,3,0.0,0.0,0.0,0.0,0.0,0.0,n/a,0.0,0.0,,0.0,0.0,0.0,0.0,0.0
equal_area,qr_L,large,jpeg,jpeg_q95,3,0.0,0.0,0.0,0.0,0.0,0.0,n/a,0.0,0.0,,0.0,0.0,0.0,0.0,0.0
equal_area,qr_L,large,photo_recompress,photo_a0_bright_q50,3,0.0,0.0,0.0,0.0,0.0,0.0,n/a,0.0,0.0,,0.0,0.0,0.0,0.0,0.0
equal_area,qr_L,large,photo_recompress,photo_a0_dark_q50,3,0.0,0.0,0.0,0.0,0.0,0.0,n/a,0.0,0.0,,0.0,0.0,0.0,0.0,0.0
equal_area,qr_L,large,photo_recompress,photo_a0_normal_q50,3,0.0,0.0,0.0,0.0,0.0,0.0,n/a,0.0,0.0,,0.0,0.0,0.0,0.0,0.0
equal_area,qr_L,large,photo_recompress,photo_a15_bright_q50,3,0.0,0.0,0.0,0.0,0.0,0.0,n/a,0.0,0.0,,0.0,0.0,0.0,0.0,0.0
equal_area,qr_L,large,photo_recompress,photo_a15_dark_q50,3,0.0,0.0,0.0,0.0,0.0,0.0,n/a,0.0,0.0,,0.0,0.0,0.0,0.0,0.0
equal_area,qr_L,large,photo_recompress,photo_a15_normal_q50,3,0.0,0.0,0.0,0.0,0.0,0.0,n/a,0.0,0.0,,0.0,0.0,0.0,0.0,0.0
equal_area,qr_L,large,photo_recompress,photo_a30_bright_q50,3,0.0,0.0,0.0,0.0,0.0,0.0,n/a,0.0,0.0,,0.0,0.0,0.0,0.0,0.0
equal_area,qr_L,large,photo_recompress,photo_a30_dark_q50,3,0.0,0.0,0.0,0.0,0.0,0.0,n/a,0.0,0.0,,0.0,0.0,0.0,0.0,0.0
equal_area,qr_L,large,photo_recompress,photo_a30_normal_q50,3,0.0,0.0,0.0,0.0,0.0,0.0,n/a,0.0,0.0,,0.0,0.0,0.0,0.0,0.0
equal_area,qr_L,large,scale,scale_100,3,0.0,0.0,0.0,0.0,0.0,0.0,n/a,0.0,0.0,,0.0,0.0,0.0,0.0,0.0
equal_area,qr_L,large,scale,scale_25,3,0.0,0.0,0.0,0.0,0.0,0.0,n/a,0.0,0.0,,0.0,0.0,0.0,0.0,0.0
equal_area,qr_L,large,scale,scale_50,3,0.0,0.0,0.0,0.0,0.0,0.0,n/a,0.0,0.0,,0.0,0.0,0.0,0.0,0.0
equal_area,qr_L,large,scale,scale_75,3,0.0,0.0,0.0,0.0,0.0,0.0,n/a,0.0,0.0,,0.0,0.0,0.0,0.0,0.0
equal_area,qr_L,medium,colorspace_gamma,cool_tint,3,1.0,1.0,0.0,1.0,0.0,0.0,n/a,1.0,1.0,,6.923099999160816,4.504533329357703,0.0,0.17210000078193843,12.309366662520915
equal_area,qr_L,medium,colorspace_gamma,gamma_070,3,1.0,1.0,1.0,1.0,0.0,0.0,n/a,1.0,1.0,,7.037466663556795,3.999166675688078,0.0,0.17086666775867343,11.926566677478453
equal_area,qr_L,medium,colorspace_gamma,gamma_140,3,1.0,1.0,1.0,1.0,0.0,0.0,n/a,1.0,1.0,,7.734766666544601,4.518933332292363,0.0,0.19933332805521786,13.20636665332131
equal_area,qr_L,medium,colorspace_gamma,warm_tint,3,1.0,1.0,0.0,1.0,0.0,0.0,n/a,1.0,1.0,,7.013833344293137,3.7470000000515333,0.0,0.1809666670548419,11.654999989938611
equal_area,qr_L,medium,grayscale,grayscale,3,1.0,1.0,1.0,1.0,0.0,0.0,n/a,1.0,1.0,,7.833566662156954,4.419633323171486,0.0,0.16310000016043583,13.115500002944222
equal_area,qr_L,medium,identity,identity,3,1.0,1.0,1.0,1.0,0.0,0.0,n/a,1.0,1.0,,6.973866674040134,3.64669999301744,0.0,0.14793333442260823,11.510000001483908
equal_area,qr_L,medium,jpeg,jpeg_q30,3,1.0,1.0,0.0,1.0,0.0,0.0,n/a,1.0,1.0,,7.079400005750358,4.265366665398081,0.0,0.15276667545549572,12.21436665703853
equal_area,qr_L,medium,jpeg,jpeg_q50,3,1.0,1.0,0.0,1.0,0.0,0.0,n/a,1.0,1.0,,7.44650000706315,3.631433326518163,0.0,0.14450000405001143,11.925300010868037
equal_area,qr_L,medium,jpeg,jpeg_q65,3,1.0,1.0,0.0,1.0,0.0,0.0,n/a,1.0,1.0,,7.114166665511827,4.241300009501477,0.0,0.19096667529083788,12.303333331753189
equal_area,qr_L,medium,jpeg,jpeg_q80,3,1.0,1.0,0.0,1.0,0.0,0.0,n/a,1.0,1.0,,6.833233336995666,3.8642333335398384,0.0,0.142700009746477,11.53729998623021
equal_area,qr_L,medium,jpeg,jpeg_q95,3,1.0,1.0,0.0,1.0,0.0,0.0,n/a,1.0,1.0,,7.005233337016155,4.4806333316955715,0.0,0.17430000783254704,12.417333336391797
equal_area,qr_L,medium,photo_recompress,photo_a0_bright_q50,3,1.0,1.0,0.0,1.0,0.0,0.0,n/a,1.0,1.0,,7.7204333210829645,5.593866653119524,0.0,0.1779000061408927,14.381666677460695
equal_area,qr_L,medium,photo_recompress,photo_a0_dark_q50,3,1.0,1.0,0.0,1.0,0.0,0.0,n/a,1.0,1.0,,7.176233339123428,3.851333342026919,0.0,0.13803332694806159,11.880266664472098
equal_area,qr_L,medium,photo_recompress,photo_a0_normal_q50,3,1.0,1.0,0.0,1.0,0.0,0.0,n/a,1.0,1.0,,7.692866657938187,4.294933324369292,0.0,0.15556665797096988,12.926266664483895
equal_area,qr_L,medium,photo_recompress,photo_a15_bright_q50,3,1.0,1.0,0.0,1.0,0.0,0.0,n/a,1.0,1.0,,7.923700012421857,5.238733331983288,0.0,0.16696667686725655,14.122600007491807
equal_area,qr_L,medium,photo_recompress,photo_a15_dark_q50,3,1.0,1.0,0.0,1.0,0.0,0.0,n/a,1.0,1.0,,7.661400003901993,4.029166661590959,0.0,0.2011666753484557,12.570666673127562
equal_area,qr_L,medium,photo_recompress,photo_a15_normal_q50,3,1.0,1.0,0.0,1.0,0.0,0.0,n/a,1.0,1.0,,7.5662333304838585,4.638966667698696,0.0,0.17029999677712718,13.114166669159507
equal_area,qr_L,medium,photo_recompress,photo_a30_bright_q50,3,1.0,1.0,0.0,1.0,0.0,0.0,n/a,1.0,1.0,,7.245933326582114,5.069733325702448,0.0,0.16513333927529553,13.211933333271494
equal_area,qr_L,medium,photo_recompress,photo_a30_dark_q50,3,1.0,1.0,0.0,1.0,0.0,0.0,n/a,1.0,1.0,,6.852833340720584,4.449466660541172,0.0,0.14596665278077126,12.158999995638927
equal_area,qr_L,medium,photo_recompress,photo_a30_normal_q50,3,1.0,1.0,0.0,1.0,0.0,0.0,n/a,1.0,1.0,,7.600499996139358,4.9312999957085895,0.0,0.19163332763127983,13.509966656177616
equal_area,qr_L,medium,scale,scale_100,3,1.0,1.0,1.0,1.0,0.0,0.0,n/a,1.0,1.0,,7.123900014751901,3.6245666560716927,0.0,0.14210000517778099,11.599166668020189
equal_area,qr_L,medium,scale,scale_25,3,1.0,1.0,0.0,1.0,0.0,0.0,n/a,1.0,1.0,,8.198566666881865,5.139633334086587,0.0,0.20126666640862823,14.260966660610089
equal_area,qr_L,medium,scale,scale_50,3,1.0,1.0,0.0,1.0,0.0,0.0,n/a,1.0,1.0,,7.136933330912143,4.786866668534155,0.0,0.2077000002221515,12.83516666929548
equal_area,qr_L,medium,scale,scale_75,3,1.0,1.0,0.0,1.0,0.0,0.0,n/a,1.0,1.0,,6.811699994917338,3.8484666729345918,0.0,0.13906665844842792,11.547399995227655
equal_area,qr_L,small,colorspace_gamma,cool_tint,3,1.0,1.0,0.0,1.0,0.0,0.0,n/a,1.0,1.0,,8.05883333669044,1.4569666721702863,0.0,0.1814666708620886,10.479266677672664
equal_area,qr_L,small,colorspace_gamma,gamma_070,3,1.0,1.0,1.0,1.0,0.0,0.0,n/a,1.0,1.0,,7.025000008676822,1.4955333414642762,0.0,0.20943332735138634,9.502599995660907
equal_area,qr_L,small,colorspace_gamma,gamma_140,3,1.0,1.0,1.0,1.0,0.0,0.0,n/a,1.0,1.0,,7.353033327187101,1.326666659830759,0.0,0.17410000630964836,9.612833343756696
equal_area,qr_L,small,colorspace_gamma,warm_tint,3,1.0,1.0,0.0,1.0,0.0,0.0,n/a,1.0,1.0,,8.077533333562315,1.6974000027403235,0.0,0.16826665766226748,10.72783333559831
equal_area,qr_L,small,grayscale,grayscale,3,1.0,1.0,1.0,1.0,0.0,0.0,n/a,1.0,1.0,,6.169733339144538,1.5883666831844796,0.0,0.19173332839272916,8.689533327318108
equal_area,qr_L,small,identity,identity,3,1.0,1.0,1.0,1.0,0.0,0.0,n/a,1.0,1.0,,7.531666662544012,1.488300001559158,0.0,0.1990666496567428,9.962033325185379
equal_area,qr_L,small,jpeg,jpeg_q30,3,1.0,1.0,0.0,1.0,0.0,0.0,n/a,1.0,1.0,,6.472633346371974,1.594333346777906,0.0,0.5046000005677342,9.281999994224558
equal_area,qr_L,small,jpeg,jpeg_q50,3,1.0,1.0,0.0,1.0,0.0,0.0,n/a,1.0,1.0,,6.515733335011949,1.1901333443044375,0.0,0.1365999924018979,8.569899985256294
equal_area,qr_L,small,jpeg,jpeg_q65,3,1.0,1.0,0.0,1.0,0.0,0.0,n/a,1.0,1.0,,7.292099995538592,1.4022999966982752,0.0,0.16596666925276318,9.634433323905492
equal_area,qr_L,small,jpeg,jpeg_q80,3,1.0,1.0,0.0,1.0,0.0,0.0,n/a,1.0,1.0,,7.410533328463013,1.6165999986696988,0.0,0.19676666124723852,10.05756666806216
equal_area,qr_L,small,jpeg,jpeg_q95,3,1.0,1.0,0.0,1.0,0.0,0.0,n/a,1.0,1.0,,7.145966665120795,1.4184000028762966,0.0,0.19640000148986778,9.450766655694073
equal_area,qr_L,small,photo_recompress,photo_a0_bright_q50,3,1.0,1.0,0.0,1.0,0.0,0.0,n/a,1.0,1.0,,6.901566666783765,1.4593999949283898,0.0,0.20569999469444156,9.302899988445764
equal_area,qr_L,small,photo_recompress,photo_a0_dark_q50,3,1.0,1.0,0.0,1.0,0.0,0.0,n/a,1.0,1.0,,7.165833327841635,1.4122333377599716,0.0,0.15656666558546325,9.488333336776122
equal_area,qr_L,small,photo_recompress,photo_a0_normal_q50,3,1.0,1.0,0.0,1.0,0.0,0.0,n/a,1.0,1.0,,7.675333326915279,1.4482333305447053,0.0,0.18136666039936244,10.095533332787454
equal_area,qr_L,small,photo_recompress,photo_a15_bright_q50,3,1.0,1.0,0.0,1.0,0.0,0.0,n/a,1.0,1.0,,6.597200001124293,1.3044666848145425,0.0,0.13899999127412835,8.774566658151647
equal_area,qr_L,small,photo_recompress,photo_a15_dark_q50,3,1.0,1.0,0.0,1.0,0.0,0.0,n/a,1.0,1.0,,6.707433339518805,1.5506333438679576,0.0,0.20359999810655913,9.231233329046518
equal_area,qr_L,small,photo_recompress,photo_a15_normal_q50,3,1.0,1.0,0.0,1.0,0.0,0.0,n/a,1.0,1.0,,7.061466681382929,1.6005666790685307,0.0,0.23109999407703677,9.629199999229362
equal_area,qr_L,small,photo_recompress,photo_a30_bright_q50,3,1.0,1.0,0.0,1.0,0.0,0.0,n/a,1.0,1.0,,7.838533337538441,1.6758333367761225,0.0,0.18806666291008392,10.49869999405928
equal_area,qr_L,small,photo_recompress,photo_a30_dark_q50,3,1.0,1.0,0.0,1.0,0.0,0.0,n/a,1.0,1.0,,6.069900002330542,1.211533332631613,0.0,0.14616666400494674,8.142433332977816
equal_area,qr_L,small,photo_recompress,photo_a30_normal_q50,3,1.0,1.0,0.0,1.0,0.0,0.0,n/a,1.0,1.0,,7.257266668602824,1.602699999542286,0.0,0.2135666727554053,9.811466666481769
equal_area,qr_L,small,scale,scale_100,3,1.0,1.0,1.0,1.0,0.0,0.0,n/a,1.0,1.0,,6.783433326442416,1.4637333321540307,0.0,0.1597666705492884,9.1340999933891
equal_area,qr_L,small,scale,scale_25,3,1.0,1.0,0.0,1.0,0.0,0.0,n/a,1.0,1.0,,6.394266674760729,1.5383333375211805,0.0,0.21496665431186557,8.885666660110777
equal_area,qr_L,small,scale,scale_50,3,1.0,1.0,0.0,1.0,0.0,0.0,n/a,1.0,1.0,,6.874100004400437,1.3849333336111158,0.0,0.17176665520916382,9.126999987832582
equal_area,qr_L,small,scale,scale_75,3,1.0,1.0,0.0,1.0,0.0,0.0,n/a,1.0,1.0,,6.582166669735064,1.671566676426058,0.0,0.22123332989091674,9.212366664238894
equal_area,qr_M,large,colorspace_gamma,cool_tint,3,0.0,0.0,0.0,0.0,0.0,0.0,n/a,0.0,0.0,,0.0,0.0,0.0,0.0,0.0
equal_area,qr_M,large,colorspace_gamma,gamma_070,3,0.0,0.0,0.0,0.0,0.0,0.0,n/a,0.0,0.0,,0.0,0.0,0.0,0.0,0.0
equal_area,qr_M,large,colorspace_gamma,gamma_140,3,0.0,0.0,0.0,0.0,0.0,0.0,n/a,0.0,0.0,,0.0,0.0,0.0,0.0,0.0
equal_area,qr_M,large,colorspace_gamma,warm_tint,3,0.0,0.0,0.0,0.0,0.0,0.0,n/a,0.0,0.0,,0.0,0.0,0.0,0.0,0.0
equal_area,qr_M,large,grayscale,grayscale,3,0.0,0.0,0.0,0.0,0.0,0.0,n/a,0.0,0.0,,0.0,0.0,0.0,0.0,0.0
equal_area,qr_M,large,identity,identity,3,0.0,0.0,0.0,0.0,0.0,0.0,n/a,0.0,0.0,,0.0,0.0,0.0,0.0,0.0
equal_area,qr_M,large,jpeg,jpeg_q30,3,0.0,0.0,0.0,0.0,0.0,0.0,n/a,0.0,0.0,,0.0,0.0,0.0,0.0,0.0
equal_area,qr_M,large,jpeg,jpeg_q50,3,0.0,0.0,0.0,0.0,0.0,0.0,n/a,0.0,0.0,,0.0,0.0,0.0,0.0,0.0
equal_area,qr_M,large,jpeg,jpeg_q65,3,0.0,0.0,0.0,0.0,0.0,0.0,n/a,0.0,0.0,,0.0,0.0,0.0,0.0,0.0
equal_area,qr_M,large,jpeg,jpeg_q80,3,0.0,0.0,0.0,0.0,0.0,0.0,n/a,0.0,0.0,,0.0,0.0,0.0,0.0,0.0
equal_area,qr_M,large,jpeg,jpeg_q95,3,0.0,0.0,0.0,0.0,0.0,0.0,n/a,0.0,0.0,,0.0,0.0,0.0,0.0,0.0
equal_area,qr_M,large,photo_recompress,photo_a0_bright_q50,3,0.0,0.0,0.0,0.0,0.0,0.0,n/a,0.0,0.0,,0.0,0.0,0.0,0.0,0.0
equal_area,qr_M,large,photo_recompress,photo_a0_dark_q50,3,0.0,0.0,0.0,0.0,0.0,0.0,n/a,0.0,0.0,,0.0,0.0,0.0,0.0,0.0
equal_area,qr_M,large,photo_recompress,photo_a0_normal_q50,3,0.0,0.0,0.0,0.0,0.0,0.0,n/a,0.0,0.0,,0.0,0.0,0.0,0.0,0.0
equal_area,qr_M,large,photo_recompress,photo_a15_bright_q50,3,0.0,0.0,0.0,0.0,0.0,0.0,n/a,0.0,0.0,,0.0,0.0,0.0,0.0,0.0
equal_area,qr_M,large,photo_recompress,photo_a15_dark_q50,3,0.0,0.0,0.0,0.0,0.0,0.0,n/a,0.0,0.0,,0.0,0.0,0.0,0.0,0.0
equal_area,qr_M,large,photo_recompress,photo_a15_normal_q50,3,0.0,0.0,0.0,0.0,0.0,0.0,n/a,0.0,0.0,,0.0,0.0,0.0,0.0,0.0
equal_area,qr_M,large,photo_recompress,photo_a30_bright_q50,3,0.0,0.0,0.0,0.0,0.0,0.0,n/a,0.0,0.0,,0.0,0.0,0.0,0.0,0.0
equal_area,qr_M,large,photo_recompress,photo_a30_dark_q50,3,0.0,0.0,0.0,0.0,0.0,0.0,n/a,0.0,0.0,,0.0,0.0,0.0,0.0,0.0
equal_area,qr_M,large,photo_recompress,photo_a30_normal_q50,3,0.0,0.0,0.0,0.0,0.0,0.0,n/a,0.0,0.0,,0.0,0.0,0.0,0.0,0.0
equal_area,qr_M,large,scale,scale_100,3,0.0,0.0,0.0,0.0,0.0,0.0,n/a,0.0,0.0,,0.0,0.0,0.0,0.0,0.0
equal_area,qr_M,large,scale,scale_25,3,0.0,0.0,0.0,0.0,0.0,0.0,n/a,0.0,0.0,,0.0,0.0,0.0,0.0,0.0
equal_area,qr_M,large,scale,scale_50,3,0.0,0.0,0.0,0.0,0.0,0.0,n/a,0.0,0.0,,0.0,0.0,0.0,0.0,0.0
equal_area,qr_M,large,scale,scale_75,3,0.0,0.0,0.0,0.0,0.0,0.0,n/a,0.0,0.0,,0.0,0.0,0.0,0.0,0.0
equal_area,qr_M,medium,colorspace_gamma,cool_tint,3,1.0,1.0,0.0,1.0,0.0,0.0,n/a,1.0,1.0,,8.008500008145347,5.477666670534139,0.0,0.16830000095069408,14.359833333098019
equal_area,qr_M,medium,colorspace_gamma,gamma_070,3,1.0,1.0,1.0,1.0,0.0,0.0,n/a,1.0,1.0,,6.900433334521949,4.78996667273653,0.0,0.1383333389336864,12.537566663619751
equal_area,qr_M,medium,colorspace_gamma,gamma_140,3,1.0,1.0,1.0,1.0,0.0,0.0,n/a,1.0,1.0,,7.82933333539404,6.26610000229751,0.0,0.21006666550723216,15.071200003148988
equal_area,qr_M,medium,colorspace_gamma,warm_tint,3,1.0,1.0,0.0,1.0,0.0,0.0,n/a,1.0,1.0,,8.261699995879704,6.4498333279819535,0.0,0.1972666650544852,15.631366666639224
equal_area,qr_M,medium,grayscale,grayscale,3,1.0,1.0,1.0,1.0,0.0,0.0,n/a,1.0,1.0,,8.662633345617602,5.329533334588632,0.0,0.14040000193441907,14.89016665921857
equal_area,qr_M,medium,identity,identity,3,1.0,1.0,1.0,1.0,0.0,0.0,n/a,1.0,1.0,,8.192633336875588,8.020666660740972,0.0,0.21003332221880555,17.176433311154444
equal_area,qr_M,medium,jpeg,jpeg_q30,3,1.0,1.0,0.0,1.0,0.0,0.0,n/a,1.0,1.0,,8.278933334319541,4.996499997408439,0.0,0.1615666648528228,14.104666663721824
equal_area,qr_M,medium,jpeg,jpeg_q50,3,1.0,1.0,0.0,1.0,0.0,0.0,n/a,1.0,1.0,,7.437800018427272,5.64493333028319,0.0,0.14473331975750625,14.022099979532262
equal_area,qr_M,medium,jpeg,jpeg_q65,3,1.0,1.0,0.0,1.0,0.0,0.0,n/a,1.0,1.0,,8.150399992397675,6.250733325335507,0.0,0.18590000884917876,15.30403335345909
equal_area,qr_M,medium,jpeg,jpeg_q80,3,1.0,1.0,0.0,1.0,0.0,0.0,n/a,1.0,1.0,,7.792333325293536,5.217999995996554,0.0,0.1704333311257263,13.933166657807305
equal_area,qr_M,medium,jpeg,jpeg_q95,3,1.0,1.0,0.0,1.0,0.0,0.0,n/a,1.0,1.0,,8.244500000728294,5.429766664747149,0.0,0.18496665870770812,14.626733328138167
equal_area,qr_M,medium,photo_recompress,photo_a0_bright_q50,3,1.0,1.0,0.0,1.0,0.0,0.0,n/a,1.0,1.0,,8.025800013759484,7.196166669018567,0.0,0.17970001014570394,16.193900005115818
equal_area,qr_M,medium,photo_recompress,photo_a0_dark_q50,3,1.0,1.0,0.0,1.0,0.0,0.0,n/a,1.0,1.0,,7.38236666074954,5.36093334085308,0.0,0.154466659296304,13.612266659038141
equal_area,qr_M,medium,photo_recompress,photo_a0_normal_q50,3,1.0,1.0,0.0,1.0,0.0,0.0,n/a,1.0,1.0,,7.818799989763647,6.561933327854301,0.0,0.20203333891307315,15.752033359603956
equal_area,qr_M,medium,photo_recompress,photo_a15_bright_q50,3,1.0,1.0,0.0,1.0,0.0,0.0,n/a,1.0,1.0,,7.801699995373686,6.436333331900339,0.0,0.14420000176566342,15.445299999555573
equal_area,qr_M,medium,photo_recompress,photo_a15_dark_q50,3,1.0,1.0,0.0,1.0,0.0,0.0,n/a,1.0,1.0,,7.736599994435285,5.397499994918083,0.0,0.1385000068694353,14.118699997197837
equal_area,qr_M,medium,photo_recompress,photo_a15_normal_q50,3,1.0,1.0,0.0,1.0,0.0,0.0,n/a,1.0,1.0,,7.266400003572926,6.2606666566959275,0.0,0.20950001392823955,14.470033347606659
equal_area,qr_M,medium,photo_recompress,photo_a30_bright_q50,3,1.0,1.0,0.0,1.0,0.0,0.0,n/a,1.0,1.0,,7.721100002527237,8.782933340019857,0.0,0.2158666611649096,17.74733333149925
equal_area,qr_M,medium,photo_recompress,photo_a30_dark_q50,3,1.0,1.0,0.0,1.0,0.0,0.0,n/a,1.0,1.0,,8.643466668824354,6.539666646858677,0.0,0.1986666660134991,16.23450000382339
equal_area,qr_M,medium,photo_recompress,photo_a30_normal_q50,3,1.0,1.0,0.0,1.0,0.0,0.0,n/a,1.0,1.0,,7.877133330718304,5.996266670990735,0.0,0.20140000075722733,15.234166659259548
equal_area,qr_M,medium,scale,scale_100,3,1.0,1.0,1.0,1.0,0.0,0.0,n/a,1.0,1.0,,7.305733335670084,5.601866665529087,0.0,0.17570000879156092,13.779266669492548
equal_area,qr_M,medium,scale,scale_25,3,1.0,1.0,0.0,1.0,0.0,0.0,n/a,1.0,1.0,,7.40653332710887,6.489899998996407,0.0,0.23206665840310356,14.846299988372872
equal_area,qr_M,medium,scale,scale_50,3,1.0,1.0,0.0,1.0,0.0,0.0,n/a,1.0,1.0,,7.2653333384854095,5.400633323006332,0.0,0.1501666750603666,13.52146667583535
equal_area,qr_M,medium,scale,scale_75,3,1.0,1.0,0.0,1.0,0.0,0.0,n/a,1.0,1.0,,7.454100006725639,5.832100005742784,0.0,0.1667333320559313,14.178900009331604
equal_area,qr_M,small,colorspace_gamma,cool_tint,3,1.0,1.0,0.0,1.0,0.0,0.0,n/a,1.0,1.0,,7.281833328306675,2.2583333387350044,0.0,0.16883332864381373,10.484266647836193
equal_area,qr_M,small,colorspace_gamma,gamma_070,3,1.0,1.0,1.0,1.0,0.0,0.0,n/a,1.0,1.0,,6.256533330694462,1.9797999896885206,0.0,0.13786665901231268,9.103833329087744
equal_area,qr_M,small,colorspace_gamma,gamma_140,3,1.0,1.0,1.0,1.0,0.0,0.0,n/a,1.0,1.0,,6.775066663976759,2.4684000042422363,0.0,0.17583333343888322,10.222933332746228
equal_area,qr_M,small,colorspace_gamma,warm_tint,3,1.0,1.0,0.0,1.0,0.0,0.0,n/a,1.0,1.0,,7.19866665895097,2.8503999928943813,0.0,0.22300000030857822,11.053500008226061
equal_area,qr_M,small,grayscale,grayscale,3,1.0,1.0,1.0,1.0,0.0,0.0,n/a,1.0,1.0,,6.607333343708888,2.192533342167735,0.0,0.16149998797724643,9.68576666006508
equal_area,qr_M,small,identity,identity,3,1.0,1.0,1.0,1.0,0.0,0.0,n/a,1.0,1.0,,7.54823333894213,2.568833326222375,0.0,0.18883333541452885,11.072466664093858
equal_area,qr_M,small,jpeg,jpeg_q30,3,1.0,1.0,0.0,1.0,0.0,0.0,n/a,1.0,1.0,,8.103433317349603,2.869833338384827,0.0,0.22596667016235492,12.00746667260925
equal_area,qr_M,small,jpeg,jpeg_q50,3,1.0,1.0,0.0,1.0,0.0,0.0,n/a,1.0,1.0,,7.609199984775235,2.5445000016285726,0.0,0.16320000092188516,11.08963334506067
equal_area,qr_M,small,jpeg,jpeg_q65,3,1.0,1.0,0.0,1.0,0.0,0.0,n/a,1.0,1.0,,7.52303332167988,2.4976666609290987,0.0,0.18266667029820383,10.932866658549756
equal_area,qr_M,small,jpeg,jpeg_q80,3,1.0,1.0,0.0,1.0,0.0,0.0,n/a,1.0,1.0,,7.21486666589044,2.4543333371790745,0.0,0.21026666703013083,10.622899998755505
equal_area,qr_M,small,jpeg,jpeg_q95,3,1.0,1.0,0.0,1.0,0.0,0.0,n/a,1.0,1.0,,7.562966668047011,2.492200001142919,0.0,0.17333333380520344,10.978099996767318
equal_area,qr_M,small,photo_recompress,photo_a0_bright_q50,3,1.0,1.0,0.0,1.0,0.0,0.0,n/a,1.0,1.0,,7.980666666602095,2.4508666732193283,0.0,0.1720000000204891,11.396266675243774
equal_area,qr_M,small,photo_recompress,photo_a0_dark_q50,3,1.0,1.0,0.0,1.0,0.0,0.0,n/a,1.0,1.0,,7.209733332274482,2.5454333323674896,0.0,0.17359999280112484,10.734466661233455
equal_area,qr_M,small,photo_recompress,photo_a0_normal_q50,3,1.0,1.0,0.0,1.0,0.0,0.0,n/a,1.0,1.0,,6.848366669146344,2.3320333275478333,0.0,0.18803332932293415,10.099433323678872
equal_area,qr_M,small,photo_recompress,photo_a15_bright_q50,3,1.0,1.0,0.0,1.0,0.0,0.0,n/a,1.0,1.0,,7.470066668853785,2.8078333319475255,0.0,0.21186665981076658,11.309866657635817
equal_area,qr_M,small,photo_recompress,photo_a15_dark_q50,3,1.0,1.0,0.0,1.0,0.0,0.0,n/a,1.0,1.0,,6.874566664919257,2.839000012803202,0.0,0.17243333665343621,10.788966668769717
equal_area,qr_M,small,photo_recompress,photo_a15_normal_q50,3,1.0,1.0,0.0,1.0,0.0,0.0,n/a,1.0,1.0,,6.497766667356093,2.597166661871597,0.0,0.1855000058033814,10.011366684921086
equal_area,qr_M,small,photo_recompress,photo_a30_bright_q50,3,1.0,1.0,0.0,1.0,0.0,0.0,n/a,1.0,1.0,,7.022733334451914,2.4867000077695898,0.0,0.17276666282365719,10.408866665481279
equal_area,qr_M,small,photo_recompress,photo_a30_dark_q50,3,1.0,1.0,0.0,1.0,0.0,0.0,n/a,1.0,1.0,,6.828933343058452,2.3881000039788582,0.0,0.17343333456665277,10.15539998964717
equal_area,qr_M,small,photo_recompress,photo_a30_normal_q50,3,1.0,1.0,0.0,1.0,0.0,0.0,n/a,1.0,1.0,,6.818933325121179,2.460533316479996,0.0,0.19043333789644143,10.264700007004043
equal_area,qr_M,small,scale,scale_100,3,1.0,1.0,1.0,1.0,0.0,0.0,n/a,1.0,1.0,,8.276400010799989,2.652533342673754,0.0,0.21813332568854094,11.91456665401347
equal_area,qr_M,small,scale,scale_25,3,1.0,1.0,0.0,1.0,0.0,0.0,n/a,1.0,1.0,,6.8642666543989135,2.961666672490537,0.0,0.2229000092484057,10.770833352580667
equal_area,qr_M,small,scale,scale_50,3,1.0,1.0,0.0,1.0,0.0,0.0,n/a,1.0,1.0,,7.099000009475276,2.726099997137984,0.0,0.20073332901423177,10.857699991902336
equal_area,qr_M,small,scale,scale_75,3,1.0,1.0,0.0,1.0,0.0,0.0,n/a,1.0,1.0,,7.304533336233969,2.60123333040004,0.0,0.1781333218483875,10.905166661056379
equal_area,qr_Q,large,colorspace_gamma,cool_tint,3,0.0,0.0,0.0,0.0,0.0,0.0,n/a,0.0,0.0,,0.0,0.0,0.0,0.0,0.0
equal_area,qr_Q,large,colorspace_gamma,gamma_070,3,0.0,0.0,0.0,0.0,0.0,0.0,n/a,0.0,0.0,,0.0,0.0,0.0,0.0,0.0
equal_area,qr_Q,large,colorspace_gamma,gamma_140,3,0.0,0.0,0.0,0.0,0.0,0.0,n/a,0.0,0.0,,0.0,0.0,0.0,0.0,0.0
equal_area,qr_Q,large,colorspace_gamma,warm_tint,3,0.0,0.0,0.0,0.0,0.0,0.0,n/a,0.0,0.0,,0.0,0.0,0.0,0.0,0.0
equal_area,qr_Q,large,grayscale,grayscale,3,0.0,0.0,0.0,0.0,0.0,0.0,n/a,0.0,0.0,,0.0,0.0,0.0,0.0,0.0
equal_area,qr_Q,large,identity,identity,3,0.0,0.0,0.0,0.0,0.0,0.0,n/a,0.0,0.0,,0.0,0.0,0.0,0.0,0.0
equal_area,qr_Q,large,jpeg,jpeg_q30,3,0.0,0.0,0.0,0.0,0.0,0.0,n/a,0.0,0.0,,0.0,0.0,0.0,0.0,0.0
equal_area,qr_Q,large,jpeg,jpeg_q50,3,0.0,0.0,0.0,0.0,0.0,0.0,n/a,0.0,0.0,,0.0,0.0,0.0,0.0,0.0
equal_area,qr_Q,large,jpeg,jpeg_q65,3,0.0,0.0,0.0,0.0,0.0,0.0,n/a,0.0,0.0,,0.0,0.0,0.0,0.0,0.0
equal_area,qr_Q,large,jpeg,jpeg_q80,3,0.0,0.0,0.0,0.0,0.0,0.0,n/a,0.0,0.0,,0.0,0.0,0.0,0.0,0.0
equal_area,qr_Q,large,jpeg,jpeg_q95,3,0.0,0.0,0.0,0.0,0.0,0.0,n/a,0.0,0.0,,0.0,0.0,0.0,0.0,0.0
equal_area,qr_Q,large,photo_recompress,photo_a0_bright_q50,3,0.0,0.0,0.0,0.0,0.0,0.0,n/a,0.0,0.0,,0.0,0.0,0.0,0.0,0.0
equal_area,qr_Q,large,photo_recompress,photo_a0_dark_q50,3,0.0,0.0,0.0,0.0,0.0,0.0,n/a,0.0,0.0,,0.0,0.0,0.0,0.0,0.0
equal_area,qr_Q,large,photo_recompress,photo_a0_normal_q50,3,0.0,0.0,0.0,0.0,0.0,0.0,n/a,0.0,0.0,,0.0,0.0,0.0,0.0,0.0
equal_area,qr_Q,large,photo_recompress,photo_a15_bright_q50,3,0.0,0.0,0.0,0.0,0.0,0.0,n/a,0.0,0.0,,0.0,0.0,0.0,0.0,0.0
equal_area,qr_Q,large,photo_recompress,photo_a15_dark_q50,3,0.0,0.0,0.0,0.0,0.0,0.0,n/a,0.0,0.0,,0.0,0.0,0.0,0.0,0.0
equal_area,qr_Q,large,photo_recompress,photo_a15_normal_q50,3,0.0,0.0,0.0,0.0,0.0,0.0,n/a,0.0,0.0,,0.0,0.0,0.0,0.0,0.0
equal_area,qr_Q,large,photo_recompress,photo_a30_bright_q50,3,0.0,0.0,0.0,0.0,0.0,0.0,n/a,0.0,0.0,,0.0,0.0,0.0,0.0,0.0
equal_area,qr_Q,large,photo_recompress,photo_a30_dark_q50,3,0.0,0.0,0.0,0.0,0.0,0.0,n/a,0.0,0.0,,0.0,0.0,0.0,0.0,0.0
equal_area,qr_Q,large,photo_recompress,photo_a30_normal_q50,3,0.0,0.0,0.0,0.0,0.0,0.0,n/a,0.0,0.0,,0.0,0.0,0.0,0.0,0.0
equal_area,qr_Q,large,scale,scale_100,3,0.0,0.0,0.0,0.0,0.0,0.0,n/a,0.0,0.0,,0.0,0.0,0.0,0.0,0.0
equal_area,qr_Q,large,scale,scale_25,3,0.0,0.0,0.0,0.0,0.0,0.0,n/a,0.0,0.0,,0.0,0.0,0.0,0.0,0.0
equal_area,qr_Q,large,scale,scale_50,3,0.0,0.0,0.0,0.0,0.0,0.0,n/a,0.0,0.0,,0.0,0.0,0.0,0.0,0.0
equal_area,qr_Q,large,scale,scale_75,3,0.0,0.0,0.0,0.0,0.0,0.0,n/a,0.0,0.0,,0.0,0.0,0.0,0.0,0.0
equal_area,qr_Q,medium,colorspace_gamma,cool_tint,3,1.0,1.0,0.0,1.0,0.0,0.0,n/a,1.0,1.0,,8.23323333558316,7.60650000302121,0.0,0.19933332805521786,16.75409998279065
equal_area,qr_Q,medium,colorspace_gamma,gamma_070,3,1.0,1.0,1.0,1.0,0.0,0.0,n/a,1.0,1.0,,9.255033335648477,9.037966665346175,0.0,0.18593332303377488,19.28859999558578
equal_area,qr_Q,medium,colorspace_gamma,gamma_140,3,1.0,1.0,1.0,1.0,0.0,0.0,n/a,1.0,1.0,,8.228999999118969,6.557466665981337,0.0,0.16673332235465446,15.660033328458667
equal_area,qr_Q,medium,colorspace_gamma,warm_tint,3,1.0,1.0,0.0,1.0,0.0,0.0,n/a,1.0,1.0,,9.317366668256,8.191566662086794,0.0,0.19010001172622046,18.535366679619376
equal_area,qr_Q,medium,grayscale,grayscale,3,1.0,1.0,1.0,1.0,0.0,0.0,n/a,1.0,1.0,,8.70049999988017,8.08949998463504,0.0,0.2072999874750773,17.77739998457643
equal_area,qr_Q,medium,identity,identity,3,1.0,1.0,1.0,1.0,0.0,0.0,n/a,1.0,1.0,,8.143200005482262,8.517699995233366,0.0,0.17456666682846844,17.545799996393423
equal_area,qr_Q,medium,jpeg,jpeg_q30,3,1.0,1.0,0.0,1.0,0.0,0.0,n/a,1.0,1.0,,7.588700003301104,9.343533330441764,0.0,0.22456667890461782,17.923666678446654
equal_area,qr_Q,medium,jpeg,jpeg_q50,3,1.0,1.0,0.0,1.0,0.0,0.0,n/a,1.0,1.0,,9.158633329207078,8.054299997941902,0.0,0.20046667971958718,18.274900008691475
equal_area,qr_Q,medium,jpeg,jpeg_q65,3,1.0,1.0,0.0,1.0,0.0,0.0,n/a,1.0,1.0,,8.184633343868578,7.933766668429598,0.0,0.1774333359207958,17.073399998480454
equal_area,qr_Q,medium,jpeg,jpeg_q80,3,1.0,1.0,0.0,1.0,0.0,0.0,n/a,1.0,1.0,,9.36836666854409,9.403466664177055,0.0,0.2200666640419513,19.848266664970044
equal_area,qr_Q,medium,jpeg,jpeg_q95,3,1.0,1.0,0.0,1.0,0.0,0.0,n/a,1.0,1.0,,8.898633338200549,9.319299996908134,0.0,0.19079999765381217,19.153833331074566
equal_area,qr_Q,medium,photo_recompress,photo_a0_bright_q50,3,1.0,1.0,0.0,1.0,0.0,0.0,n/a,1.0,1.0,,13.454799996300912,11.245933341948936,0.0,0.19283332706739506,25.762999992972862
equal_area,qr_Q,medium,photo_recompress,photo_a0_dark_q50,3,1.0,1.0,0.0,1.0,0.0,0.0,n/a,1.0,1.0,,8.015299992014965,9.572566661518067,0.0,0.22306665778160095,18.561866658274084
equal_area,qr_Q,medium,photo_recompress,photo_a0_normal_q50,3,1.0,1.0,0.0,1.0,0.0,0.0,n/a,1.0,1.0,,7.633600005647168,9.076666668988764,0.0,0.20723333000205457,17.69833332703759
equal_area,qr_Q,medium,photo_recompress,photo_a15_bright_q50,3,1.0,1.0,0.0,1.0,0.0,0.0,n/a,1.0,1.0,,9.787500011346614,10.528833333713314,0.0,0.16276665458766124,21.29893332797413
equal_area,qr_Q,medium,photo_recompress,photo_a15_dark_q50,3,1.0,1.0,0.0,1.0,0.0,0.0,n/a,1.0,1.0,,8.61103333105954,9.008233338439217,0.0,0.15373333008028567,18.643633326670777
equal_area,qr_Q,medium,photo_recompress,photo_a15_normal_q50,3,1.0,1.0,0.0,1.0,0.0,0.0,n/a,1.0,1.0,,8.572666672989726,8.176466663523266,0.0,0.1931999965260426,17.753833332487073
equal_area,qr_Q,medium,photo_recompress,photo_a30_bright_q50,3,1.0,1.0,0.0,1.0,0.0,0.0,n/a,1.0,1.0,,8.336233334072555,10.3321000157545,0.0,0.16790000760617355,19.850733331016574
equal_area,qr_Q,medium,photo_recompress,photo_a30_dark_q50,3,1.0,1.0,0.0,1.0,0.0,0.0,n/a,1.0,1.0,,7.287133329858382,6.96310000300097,0.0,0.14243332164672515,15.123433336460343
equal_area,qr_Q,medium,photo_recompress,photo_a30_normal_q50,3,1.0,1.0,0.0,1.0,0.0,0.0,n/a,1.0,1.0,,7.235566668290024,7.570900003580998,0.0,0.17376666073687375,15.709999987545112
equal_area,qr_Q,medium,scale,scale_100,3,1.0,1.0,1.0,1.0,0.0,0.0,n/a,1.0,1.0,,8.170700001452738,8.57929999862487,0.0,0.15100000503783426,17.87506666732952
equal_area,qr_Q,medium,scale,scale_25,3,1.0,1.0,0.0,1.0,0.0,0.0,n/a,1.0,1.0,,8.147933336052423,10.068033336816976,0.0,0.15793332325605056,19.18863333412446
equal_area,qr_Q,medium,scale,scale_50,3,1.0,1.0,0.0,1.0,0.0,0.0,n/a,1.0,1.0,,7.921966665890068,9.17913333978504,0.0,0.178033330788215,18.047899997327477
equal_area,qr_Q,medium,scale,scale_75,3,1.0,1.0,0.0,1.0,0.0,0.0,n/a,1.0,1.0,,8.255799999460578,8.159833339353403,0.0,0.1723999836637328,17.32566666517717
equal_area,qr_Q,small,colorspace_gamma,cool_tint,3,1.0,1.0,0.0,1.0,0.0,0.0,n/a,1.0,1.0,,7.472299999790266,2.9887000079421946,0.0,0.2374333368303875,11.391333343150714
equal_area,qr_Q,small,colorspace_gamma,gamma_070,3,1.0,1.0,1.0,1.0,0.0,0.0,n/a,1.0,1.0,,7.789633333838235,3.189166668259228,0.0,0.14153333419623473,11.863666673889384
equal_area,qr_Q,small,colorspace_gamma,gamma_140,3,1.0,1.0,1.0,1.0,0.0,0.0,n/a,1.0,1.0,,6.986100003511335,2.888366667320952,0.0,0.15083332740080854,10.76176666538231
equal_area,qr_Q,small,colorspace_gamma,warm_tint,3,1.0,1.0,0.0,1.0,0.0,0.0,n/a,1.0,1.0,,7.36700000319009,3.260400000726804,0.0,0.18476666688608626,11.534100000668937
equal_area,qr_Q,small,grayscale,grayscale,3,1.0,1.0,1.0,1.0,0.0,0.0,n/a,1.0,1.0,,7.291899994015694,3.7542000063695014,0.0,0.20039999314273396,12.007599997256571
equal_area,qr_Q,small,identity,identity,3,1.0,1.0,1.0,1.0,0.0,0.0,n/a,1.0,1.0,,7.7643333352170885,3.434766666032374,0.0,0.16713334480300546,12.131666677305475
equal_area,qr_Q,small,jpeg,jpeg_q30,3,1.0,1.0,0.0,1.0,0.0,0.0,n/a,1.0,1.0,,6.521000002976507,2.63380001221473,0.0,0.14006666606292129,9.980033326428384
equal_area,qr_Q,small,jpeg,jpeg_q50,3,1.0,1.0,0.0,1.0,0.0,0.0,n/a,1.0,1.0,,8.572399984889975,3.3269333362113684,0.0,0.14760000825238725,12.75716667684416
equal_area,qr_Q,small,jpeg,jpeg_q65,3,1.0,1.0,0.0,1.0,0.0,0.0,n/a,1.0,1.0,,9.655333337529251,4.17083333983707,0.0,0.20849999661246935,14.817199989920482
equal_area,qr_Q,small,jpeg,jpeg_q80,3,1.0,1.0,0.0,1.0,0.0,0.0,n/a,1.0,1.0,,7.4628999961229665,3.725899994606152,0.0,0.2103000006172806,12.132200004998595
equal_area,qr_Q,small,jpeg,jpeg_q95,3,1.0,1.0,0.0,1.0,0.0,0.0,n/a,1.0,1.0,,7.862733337484921,3.610766667407006,0.0,0.19033332743371525,12.38526666808563
equal_area,qr_Q,small,photo_recompress,photo_a0_bright_q50,3,1.0,1.0,0.0,1.0,0.0,0.0,n/a,1.0,1.0,,6.565166656703998,3.125133332408344,0.0,0.18360000103712082,10.58453334068569
equal_area,qr_Q,small,photo_recompress,photo_a0_dark_q50,3,1.0,1.0,0.0,1.0,0.0,0.0,n/a,1.0,1.0,,6.619733331414561,2.90093333266365,0.0,0.1542666577734053,10.417299985419959
equal_area,qr_Q,small,photo_recompress,photo_a0_normal_q50,3,1.0,1.0,0.0,1.0,0.0,0.0,n/a,1.0,1.0,,6.548633342996861,3.374166670255363,0.0,0.15899999804484347,10.78293333800199
equal_area,qr_Q,small,photo_recompress,photo_a15_bright_q50,3,1.0,1.0,0.0,1.0,0.0,0.0,n/a,1.0,1.0,,14.380633345960328,4.557866671045001,0.0,0.17360000250240168,19.87433332639436
equal_area,qr_Q,small,photo_recompress,photo_a15_dark_q50,3,1.0,1.0,0.0,1.0,0.0,0.0,n/a,1.0,1.0,,7.689266659629841,3.877299992988507,0.0,0.19950000569224358,12.513466664434722
equal_area,qr_Q,small,photo_recompress,photo_a15_normal_q50,3,1.0,1.0,0.0,1.0,0.0,0.0,n/a,1.0,1.0,,7.517799997003749,4.052533331559971,0.0,0.20666666872178516,12.514533329522237
equal_area,qr_Q,small,photo_recompress,photo_a30_bright_q50,3,1.0,1.0,0.0,1.0,0.0,0.0,n/a,1.0,1.0,,6.429566662215318,3.3383666789935282,0.0,0.19500000053085387,10.67153334345979
equal_area,qr_Q,small,photo_recompress,photo_a30_dark_q50,3,1.0,1.0,0.0,1.0,0.0,0.0,n/a,1.0,1.0,,8.119299998118853,4.068666661623865,0.0,0.2391333303724726,13.196700000359366
equal_area,qr_Q,small,photo_recompress,photo_a30_normal_q50,3,1.0,1.0,0.0,1.0,0.0,0.0,n/a,1.0,1.0,,7.719733325454096,2.9679666622541845,0.0,0.15933333391634127,11.569199996301904
equal_area,qr_Q,small,scale,scale_100,3,1.0,1.0,1.0,1.0,0.0,0.0,n/a,1.0,1.0,,6.492533332978685,2.775500004645437,0.0,0.14330000461389622,10.060633338677386
equal_area,qr_Q,small,scale,scale_25,3,1.0,1.0,0.0,1.0,0.0,0.0,n/a,1.0,1.0,,7.861733339571704,3.3677666700289897,0.0,0.19516665876532593,12.134266658298051
equal_area,qr_Q,small,scale,scale_50,3,1.0,1.0,0.0,1.0,0.0,0.0,n/a,1.0,1.0,,6.597866663166012,2.8555999936846397,0.0,0.13633332370469967,10.257066654351851
equal_area,qr_Q,small,scale,scale_75,3,1.0,1.0,0.0,1.0,0.0,0.0,n/a,1.0,1.0,,7.173000000572453,3.4367666812613606,0.0,0.1610000035725534,11.493999996067336
equal_module,aztec,large,colorspace_gamma,cool_tint,3,0.0,0.0,0.0,0.0,0.0,0.0,n/a,0.0,0.0,,0.0,0.0,0.0,0.0,0.0
equal_module,aztec,large,colorspace_gamma,gamma_070,3,0.0,0.0,0.0,0.0,0.0,0.0,n/a,0.0,0.0,,0.0,0.0,0.0,0.0,0.0
equal_module,aztec,large,colorspace_gamma,gamma_140,3,0.0,0.0,0.0,0.0,0.0,0.0,n/a,0.0,0.0,,0.0,0.0,0.0,0.0,0.0
equal_module,aztec,large,colorspace_gamma,warm_tint,3,0.0,0.0,0.0,0.0,0.0,0.0,n/a,0.0,0.0,,0.0,0.0,0.0,0.0,0.0
equal_module,aztec,large,grayscale,grayscale,3,0.0,0.0,0.0,0.0,0.0,0.0,n/a,0.0,0.0,,0.0,0.0,0.0,0.0,0.0
equal_module,aztec,large,identity,identity,3,0.0,0.0,0.0,0.0,0.0,0.0,n/a,0.0,0.0,,0.0,0.0,0.0,0.0,0.0
equal_module,aztec,large,jpeg,jpeg_q30,3,0.0,0.0,0.0,0.0,0.0,0.0,n/a,0.0,0.0,,0.0,0.0,0.0,0.0,0.0
equal_module,aztec,large,jpeg,jpeg_q50,3,0.0,0.0,0.0,0.0,0.0,0.0,n/a,0.0,0.0,,0.0,0.0,0.0,0.0,0.0
equal_module,aztec,large,jpeg,jpeg_q65,3,0.0,0.0,0.0,0.0,0.0,0.0,n/a,0.0,0.0,,0.0,0.0,0.0,0.0,0.0
equal_module,aztec,large,jpeg,jpeg_q80,3,0.0,0.0,0.0,0.0,0.0,0.0,n/a,0.0,0.0,,0.0,0.0,0.0,0.0,0.0
equal_module,aztec,large,jpeg,jpeg_q95,3,0.0,0.0,0.0,0.0,0.0,0.0,n/a,0.0,0.0,,0.0,0.0,0.0,0.0,0.0
equal_module,aztec,large,photo_recompress,photo_a0_bright_q50,3,0.0,0.0,0.0,0.0,0.0,0.0,n/a,0.0,0.0,,0.0,0.0,0.0,0.0,0.0
equal_module,aztec,large,photo_recompress,photo_a0_dark_q50,3,0.0,0.0,0.0,0.0,0.0,0.0,n/a,0.0,0.0,,0.0,0.0,0.0,0.0,0.0
equal_module,aztec,large,photo_recompress,photo_a0_normal_q50,3,0.0,0.0,0.0,0.0,0.0,0.0,n/a,0.0,0.0,,0.0,0.0,0.0,0.0,0.0
equal_module,aztec,large,photo_recompress,photo_a15_bright_q50,3,0.0,0.0,0.0,0.0,0.0,0.0,n/a,0.0,0.0,,0.0,0.0,0.0,0.0,0.0
equal_module,aztec,large,photo_recompress,photo_a15_dark_q50,3,0.0,0.0,0.0,0.0,0.0,0.0,n/a,0.0,0.0,,0.0,0.0,0.0,0.0,0.0
equal_module,aztec,large,photo_recompress,photo_a15_normal_q50,3,0.0,0.0,0.0,0.0,0.0,0.0,n/a,0.0,0.0,,0.0,0.0,0.0,0.0,0.0
equal_module,aztec,large,photo_recompress,photo_a30_bright_q50,3,0.0,0.0,0.0,0.0,0.0,0.0,n/a,0.0,0.0,,0.0,0.0,0.0,0.0,0.0
equal_module,aztec,large,photo_recompress,photo_a30_dark_q50,3,0.0,0.0,0.0,0.0,0.0,0.0,n/a,0.0,0.0,,0.0,0.0,0.0,0.0,0.0
equal_module,aztec,large,photo_recompress,photo_a30_normal_q50,3,0.0,0.0,0.0,0.0,0.0,0.0,n/a,0.0,0.0,,0.0,0.0,0.0,0.0,0.0
equal_module,aztec,large,scale,scale_100,3,0.0,0.0,0.0,0.0,0.0,0.0,n/a,0.0,0.0,,0.0,0.0,0.0,0.0,0.0
equal_module,aztec,large,scale,scale_25,3,0.0,0.0,0.0,0.0,0.0,0.0,n/a,0.0,0.0,,0.0,0.0,0.0,0.0,0.0
equal_module,aztec,large,scale,scale_50,3,0.0,0.0,0.0,0.0,0.0,0.0,n/a,0.0,0.0,,0.0,0.0,0.0,0.0,0.0
equal_module,aztec,large,scale,scale_75,3,0.0,0.0,0.0,0.0,0.0,0.0,n/a,0.0,0.0,,0.0,0.0,0.0,0.0,0.0
equal_module,aztec,medium,colorspace_gamma,cool_tint,3,0.0,0.0,0.0,0.0,0.0,0.0,n/a,0.0,0.0,,0.0,0.0,0.0,0.0,0.0
equal_module,aztec,medium,colorspace_gamma,gamma_070,3,0.0,0.0,0.0,0.0,0.0,0.0,n/a,0.0,0.0,,0.0,0.0,0.0,0.0,0.0
equal_module,aztec,medium,colorspace_gamma,gamma_140,3,0.0,0.0,0.0,0.0,0.0,0.0,n/a,0.0,0.0,,0.0,0.0,0.0,0.0,0.0
equal_module,aztec,medium,colorspace_gamma,warm_tint,3,0.0,0.0,0.0,0.0,0.0,0.0,n/a,0.0,0.0,,0.0,0.0,0.0,0.0,0.0
equal_module,aztec,medium,grayscale,grayscale,3,0.0,0.0,0.0,0.0,0.0,0.0,n/a,0.0,0.0,,0.0,0.0,0.0,0.0,0.0
equal_module,aztec,medium,identity,identity,3,0.0,0.0,0.0,0.0,0.0,0.0,n/a,0.0,0.0,,0.0,0.0,0.0,0.0,0.0
equal_module,aztec,medium,jpeg,jpeg_q30,3,0.0,0.0,0.0,0.0,0.0,0.0,n/a,0.0,0.0,,0.0,0.0,0.0,0.0,0.0
equal_module,aztec,medium,jpeg,jpeg_q50,3,0.0,0.0,0.0,0.0,0.0,0.0,n/a,0.0,0.0,,0.0,0.0,0.0,0.0,0.0
equal_module,aztec,medium,jpeg,jpeg_q65,3,0.0,0.0,0.0,0.0,0.0,0.0,n/a,0.0,0.0,,0.0,0.0,0.0,0.0,0.0
equal_module,aztec,medium,jpeg,jpeg_q80,3,0.0,0.0,0.0,0.0,0.0,0.0,n/a,0.0,0.0,,0.0,0.0,0.0,0.0,0.0
equal_module,aztec,medium,jpeg,jpeg_q95,3,0.0,0.0,0.0,0.0,0.0,0.0,n/a,0.0,0.0,,0.0,0.0,0.0,0.0,0.0
equal_module,aztec,medium,photo_recompress,photo_a0_bright_q50,3,0.0,0.0,0.0,0.0,0.0,0.0,n/a,0.0,0.0,,0.0,0.0,0.0,0.0,0.0
equal_module,aztec,medium,photo_recompress,photo_a0_dark_q50,3,0.0,0.0,0.0,0.0,0.0,0.0,n/a,0.0,0.0,,0.0,0.0,0.0,0.0,0.0
equal_module,aztec,medium,photo_recompress,photo_a0_normal_q50,3,0.0,0.0,0.0,0.0,0.0,0.0,n/a,0.0,0.0,,0.0,0.0,0.0,0.0,0.0
equal_module,aztec,medium,photo_recompress,photo_a15_bright_q50,3,0.0,0.0,0.0,0.0,0.0,0.0,n/a,0.0,0.0,,0.0,0.0,0.0,0.0,0.0
equal_module,aztec,medium,photo_recompress,photo_a15_dark_q50,3,0.0,0.0,0.0,0.0,0.0,0.0,n/a,0.0,0.0,,0.0,0.0,0.0,0.0,0.0
equal_module,aztec,medium,photo_recompress,photo_a15_normal_q50,3,0.0,0.0,0.0,0.0,0.0,0.0,n/a,0.0,0.0,,0.0,0.0,0.0,0.0,0.0
equal_module,aztec,medium,photo_recompress,photo_a30_bright_q50,3,0.0,0.0,0.0,0.0,0.0,0.0,n/a,0.0,0.0,,0.0,0.0,0.0,0.0,0.0
equal_module,aztec,medium,photo_recompress,photo_a30_dark_q50,3,0.0,0.0,0.0,0.0,0.0,0.0,n/a,0.0,0.0,,0.0,0.0,0.0,0.0,0.0
equal_module,aztec,medium,photo_recompress,photo_a30_normal_q50,3,0.0,0.0,0.0,0.0,0.0,0.0,n/a,0.0,0.0,,0.0,0.0,0.0,0.0,0.0
equal_module,aztec,medium,scale,scale_100,3,0.0,0.0,0.0,0.0,0.0,0.0,n/a,0.0,0.0,,0.0,0.0,0.0,0.0,0.0
equal_module,aztec,medium,scale,scale_25,3,0.0,0.0,0.0,0.0,0.0,0.0,n/a,0.0,0.0,,0.0,0.0,0.0,0.0,0.0
equal_module,aztec,medium,scale,scale_50,3,0.0,0.0,0.0,0.0,0.0,0.0,n/a,0.0,0.0,,0.0,0.0,0.0,0.0,0.0
equal_module,aztec,medium,scale,scale_75,3,0.0,0.0,0.0,0.0,0.0,0.0,n/a,0.0,0.0,,0.0,0.0,0.0,0.0,0.0
equal_module,aztec,small,colorspace_gamma,cool_tint,3,1.0,1.0,0.0,1.0,0.0,0.0,n/a,1.0,1.0,,7.607066674002756,3.3506666659377515,0.0,0.21249999796661237,11.97976665571332
equal_module,aztec,small,colorspace_gamma,gamma_070,3,1.0,1.0,1.0,1.0,0.0,0.0,n/a,1.0,1.0,,6.77393334141622,3.4502000101686767,0.0,0.20520000058847168,11.138066668839505
equal_module,aztec,small,colorspace_gamma,gamma_140,3,1.0,1.0,1.0,1.0,0.0,0.0,n/a,1.0,1.0,,6.860466664268945,3.2120999918940165,0.0,0.1980666614448031,11.01756667291435
equal_module,aztec,small,colorspace_gamma,warm_tint,3,1.0,1.0,0.0,1.0,0.0,0.0,n/a,1.0,1.0,,6.478166653929899,2.6903999969363213,0.0,0.15730000450275838,10.198233338693777
equal_module,aztec,small,grayscale,grayscale,3,1.0,1.0,1.0,1.0,0.0,0.0,n/a,1.0,1.0,,6.0695666664590435,3.3132000050197044,0.0,0.20063333795405924,10.28963333616654
equal_module,aztec,small,identity,identity,3,1.0,1.0,1.0,1.0,0.0,0.0,n/a,1.0,1.0,,7.140466662046189,3.1864999909885228,0.0,0.22596667986363173,11.305866675684229
equal_module,aztec,small,jpeg,jpeg_q30,3,1.0,1.0,0.0,1.0,0.0,0.0,n/a,1.0,1.0,,6.045199988875538,2.926866669440642,0.0,0.1714999865119656,9.784433321328834
equal_module,aztec,small,jpeg,jpeg_q50,3,1.0,1.0,0.0,1.0,0.0,0.0,n/a,1.0,1.0,,6.047566673563172,2.756599996549388,0.0,0.17826666589826345,9.678599997035539
equal_module,aztec,small,jpeg,jpeg_q65,3,1.0,1.0,0.0,1.0,0.0,0.0,n/a,1.0,1.0,,6.200200004968792,2.35820000913615,0.0,0.1834666666885217,9.3884666566737
equal_module,aztec,small,jpeg,jpeg_q80,3,1.0,1.0,0.0,1.0,0.0,0.0,n/a,1.0,1.0,,6.370099998700122,3.265233332058415,0.0,0.19736666581593454,10.487966656607265
equal_module,aztec,small,jpeg,jpeg_q95,3,1.0,1.0,0.0,1.0,0.0,0.0,n/a,1.0,1.0,,5.901433323742822,2.9081000053944686,0.0,0.16183333355002105,9.606033330783248
equal_module,aztec,small,photo_recompress,photo_a0_bright_q50,3,1.0,1.0,0.0,1.0,0.0,0.0,n/a,1.0,1.0,,5.9447666668954,3.2212333365653953,0.0,0.15166667678082982,10.012300005958727
equal_module,aztec,small,photo_recompress,photo_a0_dark_q50,3,1.0,1.0,0.0,1.0,0.0,0.0,n/a,1.0,1.0,,5.95363334286958,2.978499988482023,0.0,0.16069999158692858,9.95876666274853
equal_module,aztec,small,photo_recompress,photo_a0_normal_q50,3,1.0,1.0,0.0,1.0,0.0,0.0,n/a,1.0,1.0,,6.456133327446878,3.401266682582597,0.0,0.21960000352313122,10.802100005093962
equal_module,aztec,small,photo_recompress,photo_a15_bright_q50,3,1.0,1.0,0.0,0.3333333333333333,0.0,0.0,n/a,1.0,0.3333333333333333,,7.517066648385177,3.2018666776518026,0.0,0.06249999084199468,11.491866656191027
equal_module,aztec,small,photo_recompress,photo_a15_dark_q50,3,1.0,1.0,0.0,1.0,0.0,0.0,n/a,1.0,1.0,,5.774400002943973,3.122499988724788,0.0,0.15986666160946092,9.761333339459574
equal_module,aztec,small,photo_recompress,photo_a15_normal_q50,3,1.0,1.0,0.0,1.0,0.0,0.0,n/a,1.0,1.0,,6.540433348466952,3.0270999995991588,0.0,0.17943334144850573,10.503900004550815
equal_module,aztec,small,photo_recompress,photo_a30_bright_q50,3,1.0,1.0,0.0,1.0,0.0,0.0,n/a,1.0,1.0,,6.79060000887451,3.184866664620737,0.0,0.2290666646634539,10.94556666794233
equal_module,aztec,small,photo_recompress,photo_a30_dark_q50,3,1.0,1.0,0.0,0.0,0.0,0.0,n/a,1.0,0.0,,6.789633334847167,1.4462000011311222,0.0,0.001300000197564562,9.007433332347622
equal_module,aztec,small,photo_recompress,photo_a30_normal_q50,3,1.0,1.0,0.0,0.6666666666666666,0.0,0.0,n/a,1.0,0.6666666666666666,,6.407500002145146,3.06396665594851,0.0,0.15009999818479022,10.420399989622334
equal_module,aztec,small,scale,scale_100,3,1.0,1.0,1.0,1.0,0.0,0.0,n/a,1.0,1.0,,6.123066666380812,2.3981999838724732,0.0,0.1382000045850873,9.318066683287421
equal_module,aztec,small,scale,scale_25,3,1.0,1.0,0.0,0.0,0.0,0.0,n/a,1.0,0.0,,7.550666661700234,2.010866650380194,0.0,0.0029666698537766933,10.375366682031503
equal_module,aztec,small,scale,scale_50,3,1.0,1.0,0.0,1.0,0.0,0.0,n/a,1.0,1.0,,6.946766671414177,2.5792000039170184,0.0,0.13776665825086334,10.547299985773861
equal_module,aztec,small,scale,scale_75,3,1.0,1.0,0.0,1.0,0.0,0.0,n/a,1.0,1.0,,6.403833326961224,2.5615000049583614,0.0,0.13776666795214018,9.811533333656067
equal_module,custom_grid,large,colorspace_gamma,cool_tint,3,1.0,1.0,0.0,1.0,0.0,0.0,n/a,1.0,1.0,1.0,10.017799999332055,0.4638666675115625,247.26566667474495,0.14896666592297456,259.74226666342776
equal_module,custom_grid,large,colorspace_gamma,gamma_070,3,1.0,1.0,1.0,1.0,0.0,0.0,n/a,1.0,1.0,1.0,8.010466660683354,0.35030000920717913,221.1507000029087,0.13923332638417682,231.0876666548817
equal_module,custom_grid,large,colorspace_gamma,gamma_140,3,1.0,1.0,1.0,1.0,0.0,0.0,n/a,1.0,1.0,1.0,8.897866665696105,0.4322000022511929,251.94146667490713,0.17366666967670122,263.223000006595
equal_module,custom_grid,large,colorspace_gamma,warm_tint,3,1.0,1.0,0.0,1.0,0.0,0.0,n/a,1.0,1.0,1.0,9.439233331553018,0.4601333251533409,240.51943333082212,0.13976666377857327,252.35673333130157
equal_module,custom_grid,large,grayscale,grayscale,3,1.0,1.0,1.0,1.0,0.0,0.0,n/a,1.0,1.0,1.0,8.611766679678112,0.5133999996663382,214.31186667177826,0.15619999612681568,225.24786667781882
equal_module,custom_grid,large,identity,identity,3,1.0,1.0,1.0,1.0,0.0,0.0,n/a,1.0,1.0,1.0,8.19666667181688,0.35460001284567016,218.63689999251315,0.13963332942997417,228.78313333300562
equal_module,custom_grid,large,jpeg,jpeg_q30,3,1.0,1.0,0.0,1.0,0.0,0.0,n/a,1.0,1.0,1.0,8.792700013145804,0.40786667765739065,221.46483334169412,0.14880000768850246,232.74346666100124
equal_module,custom_grid,large,jpeg,jpeg_q50,3,1.0,1.0,0.0,1.0,0.0,0.0,n/a,1.0,1.0,1.0,8.993533323518932,0.38156666172047454,222.36783333937638,0.14556665943625072,233.35396666273786
equal_module,custom_grid,large,jpeg,jpeg_q65,3,1.0,1.0,0.0,1.0,0.0,0.0,n/a,1.0,1.0,1.0,8.325966666840637,0.35260000731796026,225.759833342939,0.19430000490198532,236.1189000075683
equal_module,custom_grid,large,jpeg,jpeg_q80,3,1.0,1.0,0.0,1.0,0.0,0.0,n/a,1.0,1.0,1.0,8.306666675101345,0.37273332903472084,226.52793333206014,0.14233333058655262,236.84353333859085
equal_module,custom_grid,large,jpeg,jpeg_q95,3,1.0,1.0,0.0,1.0,0.0,0.0,n/a,1.0,1.0,1.0,8.43936666691055,0.3665999975055456,227.93200000887737,0.15986668101201454,238.30486669127518
equal_module,custom_grid,large,photo_recompress,photo_a0_bright_q50,3,1.0,1.0,0.0,1.0,0.0,0.0,n/a,1.0,1.0,1.0,8.311999990837649,0.43136667227372527,217.41779998410493,0.14063333704446754,227.84503333969042
equal_module,custom_grid,large,photo_recompress,photo_a0_dark_q50,3,1.0,1.0,0.0,0.3333333333333333,0.0,0.0,n/a,1.0,0.3333333333333333,0.8791375540322154,8.15626666493093,0.4321999925499161,446.2363333344304,0.04843334318138659,456.44710001458105
equal_module,custom_grid,large,photo_recompress,photo_a0_normal_q50,3,1.0,1.0,0.0,1.0,0.0,0.0,n/a,1.0,1.0,1.0,8.047266669260958,0.3868999968593319,224.20193333528005,0.14760000825238725,234.29143334700106
equal_module,custom_grid,large,photo_recompress,photo_a15_bright_q50,3,1.0,1.0,0.0,1.0,0.0,0.0,n/a,1.0,1.0,1.0,8.379066663716609,0.4626999919613202,219.83273333171383,0.16009999671950936,230.68533333328864
equal_module,custom_grid,large,photo_recompress,photo_a15_dark_q50,3,1.0,1.0,0.0,0.0,0.0,0.0,n/a,1.0,0.0,0.8044912337939603,8.292299996052558,0.48850000409098965,553.090499995354,0.0015333256063361962,563.8350666655848
equal_module,custom_grid,large,photo_recompress,photo_a15_normal_q50,3,1.0,1.0,0.0,1.0,0.0,0.0,n/a,1.0,1.0,1.0,8.74789998245736,0.4734000055274616,229.29613332962617,0.1524333298827211,240.39739999958934
equal_module,custom_grid,large,photo_recompress,photo_a30_bright_q50,3,1.0,1.0,0.0,1.0,0.0,0.0,n/a,1.0,1.0,1.0,7.4677666707430035,0.37073332350701094,230.6090333343794,0.16753332844624916,240.13886665731357
equal_module,custom_grid,large,photo_recompress,photo_a30_dark_q50,3,1.0,1.0,0.0,0.0,0.0,0.0,n/a,1.0,0.0,0.9357088767159861,7.529966669001927,0.4235333375011881,458.89546665906283,0.0015333450088898342,469.08393333433196
equal_module,custom_grid,large,photo_recompress,photo_a30_normal_q50,3,1.0,1.0,0.0,1.0,0.0,0.0,n/a,1.0,1.0,1.0,7.895599992480129,0.39543333696201444,261.011900001904,0.1474666545012345,271.1778999849533
equal_module,custom_grid,large,scale,scale_100,3,1.0,1.0,1.0,1.0,0.0,0.0,n/a,1.0,1.0,1.0,8.118300009906912,0.3610333369579166,223.23673331993632,0.14336666208691895,233.37870000007874
equal_module,custom_grid,large,scale,scale_25,3,1.0,1.0,0.0,1.0,0.0,0.0,n/a,1.0,1.0,1.0,8.816266674936438,0.37549999736559886,226.18416666712923,0.14493333098168174,236.98616666176045
equal_module,custom_grid,large,scale,scale_50,3,1.0,1.0,0.0,1.0,0.0,0.0,n/a,1.0,1.0,1.0,8.242200002617514,0.43250000453554094,220.8353333408013,0.1408333385673662,231.23636667151004
equal_module,custom_grid,large,scale,scale_75,3,1.0,1.0,0.0,1.0,0.0,0.0,n/a,1.0,1.0,1.0,8.774733345489949,0.42826666807134944,220.0527000046956,0.14329999491261938,230.91576666532396
equal_module,custom_grid,medium,colorspace_gamma,cool_tint,3,1.0,1.0,0.0,1.0,0.0,0.0,n/a,1.0,1.0,1.0,6.622533333332588,0.2465666523979356,93.25176666607149,0.13723334025902054,101.27536668248165
equal_module,custom_grid,medium,colorspace_gamma,gamma_070,3,1.0,1.0,1.0,1.0,0.0,0.0,n/a,1.0,1.0,1.0,6.099633329237501,0.21553333499468863,86.6068333464985,0.1323333417531103,93.94593334097105
equal_module,custom_grid,medium,colorspace_gamma,gamma_140,3,1.0,1.0,1.0,1.0,0.0,0.0,n/a,1.0,1.0,1.0,6.4181000052485615,0.2531000063754618,86.46056667203084,0.1334333404277762,94.23469999455847
equal_module,custom_grid,medium,colorspace_gamma,warm_tint,3,1.0,1.0,0.0,1.0,0.0,0.0,n/a,1.0,1.0,1.0,6.7041666770819575,0.23393331988093755,91.49906666910586,0.19483333259510496,99.67183332385805
equal_module,custom_grid,medium,grayscale,grayscale,3,1.0,1.0,1.0,1.0,0.0,0.0,n/a,1.0,1.0,1.0,6.2806333298794925,0.18946667357037464,86.22273334185593,0.1318333282445868,93.69806665927172
equal_module,custom_grid,medium,identity,identity,3,1.0,1.0,1.0,1.0,0.0,0.0,n/a,1.0,1.0,1.0,6.379366658317546,0.259700008124734,87.5133666753148,0.13606667441005507,95.23366667175044
equal_module,custom_grid,medium,jpeg,jpeg_q30,3,1.0,1.0,0.0,1.0,0.0,0.0,n/a,1.0,1.0,1.0,6.13639999452668,0.19010000202494362,85.5874666691913,0.13396666812089583,92.91913333193709
equal_module,custom_grid,medium,jpeg,jpeg_q50,3,1.0,1.0,0.0,1.0,0.0,0.0,n/a,1.0,1.0,1.0,6.197233344816293,0.18760000239126384,85.51353333556715,0.13446666222686568,92.90593333813983
equal_module,custom_grid,medium,jpeg,jpeg_q65,3,1.0,1.0,0.0,1.0,0.0,0.0,n/a,1.0,1.0,1.0,5.940533330431208,0.24386667064391077,85.62323332686599,0.13459999657546481,92.86559999842818
equal_module,custom_grid,medium,jpeg,jpeg_q80,3,1.0,1.0,0.0,1.0,0.0,0.0,n/a,1.0,1.0,1.0,7.134166662581265,0.2033666726977875,85.95323333671938,0.13159999313453832,94.32683333094853
equal_module,custom_grid,medium,jpeg,jpeg_q95,3,1.0,1.0,0.0,1.0,0.0,0.0,n/a,1.0,1.0,1.0,6.182900009055932,0.2316666553573062,85.72343331373607,0.1391666786124309,93.17320000263862
equal_module,custom_grid,medium,photo_recompress,photo_a0_bright_q50,3,1.0,1.0,0.0,1.0,0.0,0.0,n/a,1.0,1.0,1.0,6.503133326380824,0.2323333368015786,91.2798000111555,0.1365999924018979,99.17829999661383
equal_module,custom_grid,medium,photo_recompress,photo_a0_dark_q50,3,1.0,1.0,0.0,0.6666666666666666,0.0,0.0,n/a,1.0,0.6666666666666666,0.8896457765667575,5.921533321573709,0.2009666544230034,108.89730000053532,0.0956666578228275,116.04703333190021
equal_module,custom_grid,medium,photo_recompress,photo_a0_normal_q50,3,1.0,1.0,0.0,1.0,0.0,0.0,n/a,1.0,1.0,1.0,6.2864000113525735,0.24733333460365733,90.72636666436058,0.14106666397613785,98.46290000132285
equal_module,custom_grid,medium,photo_recompress,photo_a15_bright_q50,3,1.0,1.0,0.0,1.0,0.0,0.0,n/a,1.0,1.0,1.0,6.7405333296240615,0.2254999902409812,93.06393332857017,0.13663333569032451,101.14243333615984
equal_module,custom_grid,medium,photo_recompress,photo_a15_dark_q50,3,1.0,1.0,0.0,0.0,0.0,0.0,n/a,1.0,0.0,0.7268327608872283,6.531466671731323,0.27753333173071343,199.40663332818076,0.0013999912577370803,207.48349999000007
equal_module,custom_grid,medium,photo_recompress,photo_a15_normal_q50,3,1.0,1.0,0.0,1.0,0.0,0.0,n/a,1.0,1.0,1.0,6.660299996534984,0.25570000677059096,96.22040000976995,0.13610001769848168,104.41780002050412
equal_module,custom_grid,medium,photo_recompress,photo_a30_bright_q50,3,1.0,1.0,0.0,1.0,0.0,0.0,n/a,1.0,1.0,1.0,6.049133332756658,0.203766666042308,93.64729999409367,0.13263332463490465,100.89216665558827
equal_module,custom_grid,medium,photo_recompress,photo_a30_dark_q50,3,1.0,1.0,0.0,0.0,0.0,0.0,n/a,1.0,0.0,0.9007641126618395,6.040300000070904,0.22853333697033426,153.0632999977873,0.0014666584320366383,160.55823332862929
equal_module,custom_grid,medium,photo_recompress,photo_a30_normal_q50,3,1.0,1.0,0.0,1.0,0.0,0.0,n/a,1.0,1.0,1.0,6.677533344676097,0.35353333805687726,104.57426667562686,0.1375666664292415,112.72456665756181
equal_module,custom_grid,medium,scale,scale_100,3,1.0,1.0,1.0,1.0,0.0,0.0,n/a,1.0,1.0,1.0,5.877433325319241,0.21133332241637012,87.18413333796586,0.13300000379482904,94.28940000361763
equal_module,custom_grid,medium,scale,scale_25,3,1.0,1.0,0.0,0.0,0.0,0.0,n/a,1.0,0.0,0.7514132925897631,5.802333325846121,0.2147666624902437,141.16796666833883,0.001100008375942707,148.39043333389176
equal_module,custom_grid,medium,scale,scale_50,3,1.0,1.0,0.0,1.0,0.0,0.0,n/a,1.0,1.0,1.0,6.315733325512459,0.20236665538201729,86.00650001123238,0.15313333521286646,93.61143333565754
equal_module,custom_grid,medium,scale,scale_75,3,1.0,1.0,0.0,1.0,0.0,0.0,n/a,1.0,1.0,1.0,6.249866671472167,0.18670000523949662,86.01540000139114,0.13249999998758236,93.45156668374936
equal_module,custom_grid,small,colorspace_gamma,cool_tint,3,1.0,1.0,0.0,1.0,0.0,0.0,n/a,1.0,1.0,1.0,6.2395666706531,0.1535666718458136,60.021299994938694,0.173099998695155,67.49149999814108
equal_module,custom_grid,small,colorspace_gamma,gamma_070,3,1.0,1.0,1.0,1.0,0.0,0.0,n/a,1.0,1.0,1.0,6.8651000037789345,0.18673331942409277,46.266433326915525,0.16990000343260667,54.458433335336544
equal_module,custom_grid,small,colorspace_gamma,gamma_140,3,1.0,1.0,1.0,1.0,0.0,0.0,n/a,1.0,1.0,1.0,6.918966673159351,0.15623332971396545,45.62956667117154,0.16413333166080216,53.70623334116923
equal_module,custom_grid,small,colorspace_gamma,warm_tint,3,1.0,1.0,0.0,1.0,0.0,0.0,n/a,1.0,1.0,1.0,6.203299999469891,0.1567666574070851,43.788800006344296,0.1655000087339431,51.20250000618398
equal_module,custom_grid,small,grayscale,grayscale,3,1.0,1.0,1.0,1.0,0.0,0.0,n/a,1.0,1.0,1.0,7.5502999922415865,0.307066657114774,44.5504333183635,0.2189999989544352,53.782733341601364
equal_module,custom_grid,small,identity,identity,3,1.0,1.0,1.0,1.0,0.0,0.0,n/a,1.0,1.0,1.0,6.299299993164216,0.19053333865789077,44.29563331844596,0.13483334138679007,51.826000009896234
equal_module,custom_grid,small,jpeg,jpeg_q30,3,1.0,1.0,0.0,1.0,0.0,0.0,n/a,1.0,1.0,1.0,6.393366667907685,0.19269999271879593,47.537299998415016,0.19419999443925917,55.12346665879401
equal_module,custom_grid,small,jpeg,jpeg_q50,3,1.0,1.0,0.0,1.0,0.0,0.0,n/a,1.0,1.0,1.0,6.434999998115624,0.137766677653417,51.47106667088034,0.16620001406408846,58.97643334659127
equal_module,custom_grid,small,jpeg,jpeg_q65,3,1.0,1.0,0.0,1.0,0.0,0.0,n/a,1.0,1.0,1.0,7.104233334151407,0.16616666107438505,42.07033332204446,0.1383333389336864,50.304233348773174
equal_module,custom_grid,small,jpeg,jpeg_q80,3,1.0,1.0,0.0,1.0,0.0,0.0,n/a,1.0,1.0,1.0,6.364999998671313,0.17596666778748235,43.669333341919504,0.25610000011511147,51.31226666465712
equal_module,custom_grid,small,jpeg,jpeg_q95,3,1.0,1.0,0.0,1.0,0.0,0.0,n/a,1.0,1.0,1.0,7.1546000059849275,0.22616666198397675,55.42099999729544,0.14460000481146076,63.91903334103214
equal_module,custom_grid,small,photo_recompress,photo_a0_bright_q50,3,1.0,1.0,0.0,1.0,0.0,0.0,n/a,1.0,1.0,1.0,6.301433342741802,0.15303334415269396,43.72113334829919,0.13489999885981283,51.13683333426403
equal_module,custom_grid,small,photo_recompress,photo_a0_dark_q50,3,1.0,1.0,0.0,0.6666666666666666,0.0,0.0,n/a,1.0,0.6666666666666666,0.8598781549173194,6.702366663375869,0.165066672100996,73.6128000038055,0.09039999955954652,81.44693333694401
equal_module,custom_grid,small,photo_recompress,photo_a0_normal_q50,3,1.0,1.0,0.0,1.0,0.0,0.0,n/a,1.0,1.0,1.0,6.38680000944684,0.1817666634451598,47.36696665834946,0.14093334903009236,54.978000009820484
equal_module,custom_grid,small,photo_recompress,photo_a15_bright_q50,3,1.0,1.0,0.0,1.0,0.0,0.0,n/a,1.0,1.0,1.0,6.15506666751268,0.15096667145068446,44.312333329192676,0.16603332672578594,51.6400000002856
equal_module,custom_grid,small,photo_recompress,photo_a15_dark_q50,3,1.0,1.0,0.0,0.3333333333333333,0.0,0.0,n/a,1.0,0.3333333333333333,0.8002900005576934,6.1132666693689925,0.171233337217321,96.64903332789738,0.08140000863932073,103.8436999951955
equal_module,custom_grid,small,photo_recompress,photo_a15_normal_q50,3,1.0,1.0,0.0,1.0,0.0,0.0,n/a,1.0,1.0,1.0,6.135499997374912,0.16393332043662667,51.1876666569151,0.13609999829592803,58.493933329979576
equal_module,custom_grid,small,photo_recompress,photo_a30_bright_q50,3,1.0,1.0,0.0,1.0,0.0,0.0,n/a,1.0,1.0,1.0,6.114133332933609,0.19163332763127983,43.05876668270988,0.13393332483246922,50.39833332799996
equal_module,custom_grid,small,photo_recompress,photo_a30_dark_q50,3,1.0,1.0,0.0,0.0,0.0,0.0,n/a,1.0,0.0,0.8799674602490307,7.258033331405993,0.1863999932538718,75.23100000495712,0.0012333427245418231,83.8083333413427
equal_module,custom_grid,small,photo_recompress,photo_a30_normal_q50,3,1.0,1.0,0.0,1.0,0.0,0.0,n/a,1.0,1.0,1.0,6.786366662709042,0.18403332796879113,53.657166669533275,0.15933334361761808,61.71740000718273
equal_module,custom_grid,small,scale,scale_100,3,1.0,1.0,1.0,1.0,0.0,0.0,n/a,1.0,1.0,1.0,6.058833319305752,0.23126666201278567,42.354666657047346,0.1362000087586542,49.65266667810889
equal_module,custom_grid,small,scale,scale_25,3,1.0,1.0,0.0,1.0,0.0,0.0,n/a,1.0,1.0,1.0,5.993366658609982,0.1785000010083119,51.062100004249565,0.1638666532623271,58.2798333101285
equal_module,custom_grid,small,scale,scale_50,3,1.0,1.0,0.0,1.0,0.0,0.0,n/a,1.0,1.0,1.0,6.001000011262174,0.1679666650791963,41.19153333400997,0.20533332523579398,48.45989999982218
equal_module,custom_grid,small,scale,scale_75,3,1.0,1.0,0.0,1.0,0.0,0.0,n/a,1.0,1.0,1.0,6.1055666689450545,0.16813334271622202,43.35716666537337,0.17919999663718045,50.72039999261809
equal_module,data_matrix,large,colorspace_gamma,cool_tint,3,0.0,0.0,0.0,0.0,0.0,0.0,n/a,0.0,0.0,,0.0,0.0,0.0,0.0,0.0
equal_module,data_matrix,large,colorspace_gamma,gamma_070,3,0.0,0.0,0.0,0.0,0.0,0.0,n/a,0.0,0.0,,0.0,0.0,0.0,0.0,0.0
equal_module,data_matrix,large,colorspace_gamma,gamma_140,3,0.0,0.0,0.0,0.0,0.0,0.0,n/a,0.0,0.0,,0.0,0.0,0.0,0.0,0.0
equal_module,data_matrix,large,colorspace_gamma,warm_tint,3,0.0,0.0,0.0,0.0,0.0,0.0,n/a,0.0,0.0,,0.0,0.0,0.0,0.0,0.0
equal_module,data_matrix,large,grayscale,grayscale,3,0.0,0.0,0.0,0.0,0.0,0.0,n/a,0.0,0.0,,0.0,0.0,0.0,0.0,0.0
equal_module,data_matrix,large,identity,identity,3,0.0,0.0,0.0,0.0,0.0,0.0,n/a,0.0,0.0,,0.0,0.0,0.0,0.0,0.0
equal_module,data_matrix,large,jpeg,jpeg_q30,3,0.0,0.0,0.0,0.0,0.0,0.0,n/a,0.0,0.0,,0.0,0.0,0.0,0.0,0.0
equal_module,data_matrix,large,jpeg,jpeg_q50,3,0.0,0.0,0.0,0.0,0.0,0.0,n/a,0.0,0.0,,0.0,0.0,0.0,0.0,0.0
equal_module,data_matrix,large,jpeg,jpeg_q65,3,0.0,0.0,0.0,0.0,0.0,0.0,n/a,0.0,0.0,,0.0,0.0,0.0,0.0,0.0
equal_module,data_matrix,large,jpeg,jpeg_q80,3,0.0,0.0,0.0,0.0,0.0,0.0,n/a,0.0,0.0,,0.0,0.0,0.0,0.0,0.0
equal_module,data_matrix,large,jpeg,jpeg_q95,3,0.0,0.0,0.0,0.0,0.0,0.0,n/a,0.0,0.0,,0.0,0.0,0.0,0.0,0.0
equal_module,data_matrix,large,photo_recompress,photo_a0_bright_q50,3,0.0,0.0,0.0,0.0,0.0,0.0,n/a,0.0,0.0,,0.0,0.0,0.0,0.0,0.0
equal_module,data_matrix,large,photo_recompress,photo_a0_dark_q50,3,0.0,0.0,0.0,0.0,0.0,0.0,n/a,0.0,0.0,,0.0,0.0,0.0,0.0,0.0
equal_module,data_matrix,large,photo_recompress,photo_a0_normal_q50,3,0.0,0.0,0.0,0.0,0.0,0.0,n/a,0.0,0.0,,0.0,0.0,0.0,0.0,0.0
equal_module,data_matrix,large,photo_recompress,photo_a15_bright_q50,3,0.0,0.0,0.0,0.0,0.0,0.0,n/a,0.0,0.0,,0.0,0.0,0.0,0.0,0.0
equal_module,data_matrix,large,photo_recompress,photo_a15_dark_q50,3,0.0,0.0,0.0,0.0,0.0,0.0,n/a,0.0,0.0,,0.0,0.0,0.0,0.0,0.0
equal_module,data_matrix,large,photo_recompress,photo_a15_normal_q50,3,0.0,0.0,0.0,0.0,0.0,0.0,n/a,0.0,0.0,,0.0,0.0,0.0,0.0,0.0
equal_module,data_matrix,large,photo_recompress,photo_a30_bright_q50,3,0.0,0.0,0.0,0.0,0.0,0.0,n/a,0.0,0.0,,0.0,0.0,0.0,0.0,0.0
equal_module,data_matrix,large,photo_recompress,photo_a30_dark_q50,3,0.0,0.0,0.0,0.0,0.0,0.0,n/a,0.0,0.0,,0.0,0.0,0.0,0.0,0.0
equal_module,data_matrix,large,photo_recompress,photo_a30_normal_q50,3,0.0,0.0,0.0,0.0,0.0,0.0,n/a,0.0,0.0,,0.0,0.0,0.0,0.0,0.0
equal_module,data_matrix,large,scale,scale_100,3,0.0,0.0,0.0,0.0,0.0,0.0,n/a,0.0,0.0,,0.0,0.0,0.0,0.0,0.0
equal_module,data_matrix,large,scale,scale_25,3,0.0,0.0,0.0,0.0,0.0,0.0,n/a,0.0,0.0,,0.0,0.0,0.0,0.0,0.0
equal_module,data_matrix,large,scale,scale_50,3,0.0,0.0,0.0,0.0,0.0,0.0,n/a,0.0,0.0,,0.0,0.0,0.0,0.0,0.0
equal_module,data_matrix,large,scale,scale_75,3,0.0,0.0,0.0,0.0,0.0,0.0,n/a,0.0,0.0,,0.0,0.0,0.0,0.0,0.0
equal_module,data_matrix,medium,colorspace_gamma,cool_tint,3,0.0,0.0,0.0,0.0,0.0,0.0,n/a,0.0,0.0,,0.0,0.0,0.0,0.0,0.0
equal_module,data_matrix,medium,colorspace_gamma,gamma_070,3,0.0,0.0,0.0,0.0,0.0,0.0,n/a,0.0,0.0,,0.0,0.0,0.0,0.0,0.0
equal_module,data_matrix,medium,colorspace_gamma,gamma_140,3,0.0,0.0,0.0,0.0,0.0,0.0,n/a,0.0,0.0,,0.0,0.0,0.0,0.0,0.0
equal_module,data_matrix,medium,colorspace_gamma,warm_tint,3,0.0,0.0,0.0,0.0,0.0,0.0,n/a,0.0,0.0,,0.0,0.0,0.0,0.0,0.0
equal_module,data_matrix,medium,grayscale,grayscale,3,0.0,0.0,0.0,0.0,0.0,0.0,n/a,0.0,0.0,,0.0,0.0,0.0,0.0,0.0
equal_module,data_matrix,medium,identity,identity,3,0.0,0.0,0.0,0.0,0.0,0.0,n/a,0.0,0.0,,0.0,0.0,0.0,0.0,0.0
equal_module,data_matrix,medium,jpeg,jpeg_q30,3,0.0,0.0,0.0,0.0,0.0,0.0,n/a,0.0,0.0,,0.0,0.0,0.0,0.0,0.0
equal_module,data_matrix,medium,jpeg,jpeg_q50,3,0.0,0.0,0.0,0.0,0.0,0.0,n/a,0.0,0.0,,0.0,0.0,0.0,0.0,0.0
equal_module,data_matrix,medium,jpeg,jpeg_q65,3,0.0,0.0,0.0,0.0,0.0,0.0,n/a,0.0,0.0,,0.0,0.0,0.0,0.0,0.0
equal_module,data_matrix,medium,jpeg,jpeg_q80,3,0.0,0.0,0.0,0.0,0.0,0.0,n/a,0.0,0.0,,0.0,0.0,0.0,0.0,0.0
equal_module,data_matrix,medium,jpeg,jpeg_q95,3,0.0,0.0,0.0,0.0,0.0,0.0,n/a,0.0,0.0,,0.0,0.0,0.0,0.0,0.0
equal_module,data_matrix,medium,photo_recompress,photo_a0_bright_q50,3,0.0,0.0,0.0,0.0,0.0,0.0,n/a,0.0,0.0,,0.0,0.0,0.0,0.0,0.0
equal_module,data_matrix,medium,photo_recompress,photo_a0_dark_q50,3,0.0,0.0,0.0,0.0,0.0,0.0,n/a,0.0,0.0,,0.0,0.0,0.0,0.0,0.0
equal_module,data_matrix,medium,photo_recompress,photo_a0_normal_q50,3,0.0,0.0,0.0,0.0,0.0,0.0,n/a,0.0,0.0,,0.0,0.0,0.0,0.0,0.0
equal_module,data_matrix,medium,photo_recompress,photo_a15_bright_q50,3,0.0,0.0,0.0,0.0,0.0,0.0,n/a,0.0,0.0,,0.0,0.0,0.0,0.0,0.0
equal_module,data_matrix,medium,photo_recompress,photo_a15_dark_q50,3,0.0,0.0,0.0,0.0,0.0,0.0,n/a,0.0,0.0,,0.0,0.0,0.0,0.0,0.0
equal_module,data_matrix,medium,photo_recompress,photo_a15_normal_q50,3,0.0,0.0,0.0,0.0,0.0,0.0,n/a,0.0,0.0,,0.0,0.0,0.0,0.0,0.0
equal_module,data_matrix,medium,photo_recompress,photo_a30_bright_q50,3,0.0,0.0,0.0,0.0,0.0,0.0,n/a,0.0,0.0,,0.0,0.0,0.0,0.0,0.0
equal_module,data_matrix,medium,photo_recompress,photo_a30_dark_q50,3,0.0,0.0,0.0,0.0,0.0,0.0,n/a,0.0,0.0,,0.0,0.0,0.0,0.0,0.0
equal_module,data_matrix,medium,photo_recompress,photo_a30_normal_q50,3,0.0,0.0,0.0,0.0,0.0,0.0,n/a,0.0,0.0,,0.0,0.0,0.0,0.0,0.0
equal_module,data_matrix,medium,scale,scale_100,3,0.0,0.0,0.0,0.0,0.0,0.0,n/a,0.0,0.0,,0.0,0.0,0.0,0.0,0.0
equal_module,data_matrix,medium,scale,scale_25,3,0.0,0.0,0.0,0.0,0.0,0.0,n/a,0.0,0.0,,0.0,0.0,0.0,0.0,0.0
equal_module,data_matrix,medium,scale,scale_50,3,0.0,0.0,0.0,0.0,0.0,0.0,n/a,0.0,0.0,,0.0,0.0,0.0,0.0,0.0
equal_module,data_matrix,medium,scale,scale_75,3,0.0,0.0,0.0,0.0,0.0,0.0,n/a,0.0,0.0,,0.0,0.0,0.0,0.0,0.0
equal_module,data_matrix,small,colorspace_gamma,cool_tint,3,1.0,1.0,0.0,1.0,0.0,0.0,n/a,1.0,1.0,,6.496433333571379,1.9396666709023218,0.0,0.16323332480775812,9.272600000258535
equal_module,data_matrix,small,colorspace_gamma,gamma_070,3,1.0,1.0,1.0,1.0,0.0,0.0,n/a,1.0,1.0,,6.407099999099349,1.9448666522900264,0.0,0.18566666403785348,9.291066662020361
equal_module,data_matrix,small,colorspace_gamma,gamma_140,3,1.0,1.0,1.0,1.0,0.0,0.0,n/a,1.0,1.0,,6.320799991954118,1.6222666793813307,0.0,0.13556666090153158,8.838733338052407
equal_module,data_matrix,small,colorspace_gamma,warm_tint,3,1.0,1.0,0.0,1.0,0.0,0.0,n/a,1.0,1.0,,6.021999996543552,1.9446999940555543,0.0,0.1686000032350421,8.889666671166196
equal_module,data_matrix,small,grayscale,grayscale,3,1.0,1.0,1.0,1.0,0.0,0.0,n/a,1.0,1.0,,6.555933330673724,1.792933326214552,0.0,0.1394333376083523,9.230733334940547
equal_module,data_matrix,small,identity,identity,3,1.0,1.0,1.0,1.0,0.0,0.0,n/a,1.0,1.0,,6.282233342062682,1.9694333410977076,0.0,0.16443332424387336,9.159400001711523
equal_module,data_matrix,small,jpeg,jpeg_q30,3,1.0,1.0,0.0,1.0,0.0,0.0,n/a,1.0,1.0,,6.139300006907433,1.628133332512031,0.0,0.13626665653040013,8.597833327560997
equal_module,data_matrix,small,jpeg,jpeg_q50,3,1.0,1.0,0.0,1.0,0.0,0.0,n/a,1.0,1.0,,6.071799987694249,1.6872333362698555,0.0,0.14689999322096506,8.655466663185507
equal_module,data_matrix,small,jpeg,jpeg_q65,3,1.0,1.0,0.0,1.0,0.0,0.0,n/a,1.0,1.0,,6.108566662684704,1.7771999991964549,0.0,0.13836666281955937,8.725533329804117
equal_module,data_matrix,small,jpeg,jpeg_q80,3,1.0,1.0,0.0,1.0,0.0,0.0,n/a,1.0,1.0,,6.696166664672394,1.953166686386491,0.0,0.1636333375548323,9.524433320621029
equal_module,data_matrix,small,jpeg,jpeg_q95,3,1.0,1.0,0.0,1.0,0.0,0.0,n/a,1.0,1.0,,6.337566669875135,1.9274999989041437,0.0,0.16326666809618473,9.143900000102198
equal_module,data_matrix,small,photo_recompress,photo_a0_bright_q50,3,1.0,1.0,0.0,1.0,0.0,0.0,n/a,1.0,1.0,,6.252566672628745,4.598366659289847,0.0,0.26450000586919487,11.891166679561138
equal_module,data_matrix,small,photo_recompress,photo_a0_dark_q50,3,1.0,1.0,0.0,1.0,0.0,0.0,n/a,1.0,1.0,,6.240300009570395,3.9516666632456086,0.0,0.17466666758991778,11.115333337026337
equal_module,data_matrix,small,photo_recompress,photo_a0_normal_q50,3,1.0,1.0,0.0,1.0,0.0,0.0,n/a,1.0,1.0,,6.4990333339665085,3.262300005493065,0.0,0.17359999280112484,10.681799981587877
equal_module,data_matrix,small,photo_recompress,photo_a15_bright_q50,3,1.0,1.0,0.0,1.0,0.0,0.0,n/a,1.0,1.0,,6.77676666722012,4.914366678955655,0.0,0.21873333995851377,12.676400006360685
equal_module,data_matrix,small,photo_recompress,photo_a15_dark_q50,3,1.0,1.0,0.0,1.0,0.0,0.0,n/a,1.0,1.0,,6.378966664973025,4.3261333388121175,0.0,0.17963333327012757,11.69869999284856
equal_module,data_matrix,small,photo_recompress,photo_a15_normal_q50,3,1.0,1.0,0.0,1.0,0.0,0.0,n/a,1.0,1.0,,6.222466656860585,4.826766661911582,0.0,0.2185333384356151,11.99750000766168
equal_module,data_matrix,small,photo_recompress,photo_a30_bright_q50,3,1.0,1.0,0.0,1.0,0.0,0.0,n/a,1.0,1.0,,6.09433333738707,3.979766663784782,0.0,0.15596666101676723,10.942799999611452
equal_module,data_matrix,small,photo_recompress,photo_a30_dark_q50,3,1.0,1.0,0.0,0.0,0.0,0.0,n/a,1.0,0.0,,6.271200012027596,1.8184333457611501,0.0,0.0011333225605388482,8.852133323671296
equal_module,data_matrix,small,photo_recompress,photo_a30_normal_q50,3,1.0,1.0,0.0,0.0,0.0,0.0,n/a,1.0,0.0,,5.859133331493164,1.7295666718079399,0.0,0.0011333225605388482,8.346733336414522
equal_module,data_matrix,small,scale,scale_100,3,1.0,1.0,1.0,1.0,0.0,0.0,n/a,1.0,1.0,,6.861333327833563,2.4000999983400106,0.0,0.20746667481337985,10.23226665953795
equal_module,data_matrix,small,scale,scale_25,3,1.0,1.0,0.0,1.0,0.0,0.0,n/a,1.0,1.0,,6.210433319211006,5.093466674831386,0.0,0.16313333374758562,12.180366669781506
equal_module,data_matrix,small,scale,scale_50,3,1.0,1.0,0.0,1.0,0.0,0.0,n/a,1.0,1.0,,7.1149999857880175,2.4355999873174974,0.0,0.237966674224784,10.494966661402335
equal_module,data_matrix,small,scale,scale_75,3,1.0,1.0,0.0,1.0,0.0,0.0,n/a,1.0,1.0,,7.109333324478939,2.4491000125029436,0.0,0.2137333406911542,10.550600020602966
equal_module,mosaic_outer_rs,large,colorspace_gamma,cool_tint,3,1.0,1.0,0.0,1.0,0.0,0.0,n/a,1.0,1.0,1.0,12.388133337177957,31.696533328310277,8.14886666679134,0.1642333324222515,53.64086665213108
equal_module,mosaic_outer_rs,large,colorspace_gamma,gamma_070,3,1.0,1.0,1.0,1.0,0.0,0.0,n/a,1.0,1.0,1.0,13.403566680305326,34.488533332478255,11.619966671181222,0.22626667244670293,60.943066666368395
equal_module,mosaic_outer_rs,large,colorspace_gamma,gamma_140,3,1.0,1.0,1.0,1.0,0.0,0.0,n/a,1.0,1.0,1.0,13.842200006668767,37.03893333052596,12.017366660681242,0.2507666649762541,64.28139999237222
equal_module,mosaic_outer_rs,large,colorspace_gamma,warm_tint,3,1.0,1.0,0.0,1.0,0.0,0.0,n/a,1.0,1.0,1.0,13.133999998293197,33.80223332593838,8.490766670244435,0.1744666660670191,56.72696666442789
equal_module,mosaic_outer_rs,large,grayscale,grayscale,3,1.0,1.0,1.0,1.0,0.0,0.0,n/a,1.0,1.0,1.0,11.305866675684229,26.975066672700148,8.771833313706642,0.17980001090715328,48.18260001290279
equal_module,mosaic_outer_rs,large,identity,identity,3,1.0,1.0,1.0,1.0,0.0,0.0,n/a,1.0,1.0,1.0,10.776866663945839,27.923666668357328,6.64600000406305,0.16380000549058119,46.438766682210066
equal_module,mosaic_outer_rs,large,jpeg,jpeg_q30,3,1.0,1.0,0.0,1.0,0.0,0.0,n/a,1.0,1.0,1.0,11.941499998404955,29.551066652250785,9.051100011371696,0.16739999409765005,51.70789998373948
equal_module,mosaic_outer_rs,large,jpeg,jpeg_q50,3,1.0,1.0,0.0,1.0,0.0,0.0,n/a,1.0,1.0,1.0,11.313100005888069,28.56580001146843,8.696433341053003,0.2080000025064995,50.04356667632237
equal_module,mosaic_outer_rs,large,jpeg,jpeg_q65,3,1.0,1.0,0.0,1.0,0.0,0.0,n/a,1.0,1.0,1.0,10.791400001229098,28.36646666401066,7.450133329257369,0.19570000586099923,47.964233332701646
equal_module,mosaic_outer_rs,large,jpeg,jpeg_q80,3,1.0,1.0,0.0,1.0,0.0,0.0,n/a,1.0,1.0,1.0,10.124999990997216,25.855866668280214,7.078366683951269,0.1607999923483779,44.2626666626893
equal_module,mosaic_outer_rs,large,jpeg,jpeg_q95,3,1.0,1.0,0.0,1.0,0.0,0.0,n/a,1.0,1.0,1.0,10.351200005970895,25.32036666525528,6.22966667287983,0.18326666516562304,43.0304333276581
equal_module,mosaic_outer_rs,large,photo_recompress,photo_a0_bright_q50,3,1.0,1.0,0.0,1.0,0.0,0.0,n/a,1.0,1.0,1.0,10.20589999582929,34.45896667350704,8.714566657242054,0.18156667162353793,54.61196666389393
equal_module,mosaic_outer_rs,large,photo_recompress,photo_a0_dark_q50,3,1.0,1.0,0.0,1.0,0.0,0.0,n/a,1.0,1.0,1.0,14.423299997967357,41.033100006946675,11.098033331412202,0.26429999464501935,68.11129998338099
equal_module,mosaic_outer_rs,large,photo_recompress,photo_a0_normal_q50,3,1.0,1.0,0.0,1.0,0.0,0.0,n/a,1.0,1.0,1.0,13.533833320252597,42.61986667794796,12.23553332965821,0.2069999851907293,69.95366665069014
equal_module,mosaic_outer_rs,large,photo_recompress,photo_a15_bright_q50,3,1.0,1.0,0.0,1.0,0.0,0.0,n/a,1.0,1.0,1.0,13.083266666702306,34.96749999855334,7.290266677349185,0.15503333027785024,56.51983332548601
equal_module,mosaic_outer_rs,large,photo_recompress,photo_a15_dark_q50,3,1.0,1.0,0.0,1.0,0.0,0.0,n/a,1.0,1.0,1.0,11.320766653322304,29.199566672711324,8.445666666375473,0.16880000475794077,50.12973332971645
equal_module,mosaic_outer_rs,large,photo_recompress,photo_a15_normal_q50,3,1.0,1.0,0.0,1.0,0.0,0.0,n/a,1.0,1.0,1.0,9.704166664353883,29.092899999038007,6.830033341733118,0.14863333005147675,47.10456665876942
equal_module,mosaic_outer_rs,large,photo_recompress,photo_a30_bright_q50,3,1.0,1.0,0.0,1.0,0.0,0.0,n/a,1.0,1.0,1.0,10.669200002060583,32.37440000521019,6.37036666739732,0.14356667331109443,50.63329999878382
equal_module,mosaic_outer_rs,large,photo_recompress,photo_a30_dark_q50,3,1.0,1.0,0.0,1.0,0.0,0.0,n/a,1.0,1.0,1.0,10.590666672214866,30.66009999990153,9.076766669750214,0.17929998769735297,51.70469999817821
equal_module,mosaic_outer_rs,large,photo_recompress,photo_a30_normal_q50,3,1.0,1.0,0.0,1.0,0.0,0.0,n/a,1.0,1.0,1.0,12.268100011472901,36.29693333641626,9.886466665193439,0.1666999984687815,59.69420000716733
equal_module,mosaic_outer_rs,large,scale,scale_100,3,1.0,1.0,1.0,1.0,0.0,0.0,n/a,1.0,1.0,1.0,13.017066657387963,31.419366656336933,9.596566650240371,0.15206667982662717,55.293700007799394
equal_module,mosaic_outer_rs,large,scale,scale_25,3,1.0,1.0,0.0,0.0,0.0,0.0,n/a,1.0,0.0,1.0,11.991166674609607,21.0083666703819,0.0,0.0017333368305116892,34.08690001621532
equal_module,mosaic_outer_rs,large,scale,scale_50,3,1.0,1.0,0.0,1.0,0.0,0.0,n/a,1.0,1.0,1.0,11.54369999615786,30.861366676011432,8.847200020682067,0.17666666341635087,52.42983332330672
equal_module,mosaic_outer_rs,large,scale,scale_75,3,1.0,1.0,0.0,1.0,0.0,0.0,n/a,1.0,1.0,1.0,11.682166669440145,27.23606667132117,7.134833344025537,0.15133333120805523,47.295799993056185
equal_module,mosaic_outer_rs,medium,colorspace_gamma,cool_tint,3,1.0,1.0,0.0,1.0,0.0,0.0,n/a,1.0,1.0,1.0,8.647966654583191,12.079099998421347,3.3186333312187344,0.16443333394515017,25.096733336492132
equal_module,mosaic_outer_rs,medium,colorspace_gamma,gamma_070,3,1.0,1.0,1.0,1.0,0.0,0.0,n/a,1.0,1.0,1.0,7.653866661712527,9.86166667037954,2.535700002529969,0.129633330895255,21.138533319268998
equal_module,mosaic_outer_rs,medium,colorspace_gamma,gamma_140,3,1.0,1.0,1.0,1.0,0.0,0.0,n/a,1.0,1.0,1.0,7.6191333355382085,10.041366670823967,2.5466666653907546,0.1309000072069466,21.157000010134652
equal_module,mosaic_outer_rs,medium,colorspace_gamma,warm_tint,3,1.0,1.0,0.0,1.0,0.0,0.0,n/a,1.0,1.0,1.0,8.07699998646664,10.105000013330331,3.485833314092209,0.1591333323934426,22.666700000020985
equal_module,mosaic_outer_rs,medium,grayscale,grayscale,3,1.0,1.0,1.0,1.0,0.0,0.0,n/a,1.0,1.0,1.0,7.971966658563663,9.849699980501706,2.5610333347382643,0.13786666871358952,21.31383332501476
equal_module,mosaic_outer_rs,medium,identity,identity,3,1.0,1.0,1.0,1.0,0.0,0.0,n/a,1.0,1.0,1.0,7.147733335538457,9.787200009062266,2.4744666588958353,0.12003332570505638,20.30723332427442
equal_module,mosaic_outer_rs,medium,jpeg,jpeg_q30,3,1.0,1.0,0.0,1.0,0.0,0.0,n/a,1.0,1.0,1.0,7.259800011524931,9.736566668531546,2.3966333246789873,0.12376667776455481,20.28620001510717
equal_module,mosaic_outer_rs,medium,jpeg,jpeg_q50,3,1.0,1.0,0.0,1.0,0.0,0.0,n/a,1.0,1.0,1.0,7.112933332488562,9.63146667345427,2.458433339294667,0.121300002016748,20.095166662940755
equal_module,mosaic_outer_rs,medium,jpeg,jpeg_q65,3,1.0,1.0,0.0,1.0,0.0,0.0,n/a,1.0,1.0,1.0,7.206133333966136,9.495466666218514,2.415900002233684,0.11626666916223864,20.000333344796672
equal_module,mosaic_outer_rs,medium,jpeg,jpeg_q80,3,1.0,1.0,0.0,1.0,0.0,0.0,n/a,1.0,1.0,1.0,7.170333342704301,9.64563334127888,2.500599997195726,0.14806665906993052,20.30549998744391
equal_module,mosaic_outer_rs,medium,jpeg,jpeg_q95,3,1.0,1.0,0.0,1.0,0.0,0.0,n/a,1.0,1.0,1.0,7.472733336423214,9.638400001373762,2.735033330585187,0.13543332655293247,20.841866663734738
equal_module,mosaic_outer_rs,medium,photo_recompress,photo_a0_bright_q50,3,1.0,1.0,0.0,1.0,0.0,0.0,n/a,1.0,1.0,1.0,8.2623000004484,15.135366663647195,3.449566662311554,0.17639999471915266,27.951599991259474
equal_module,mosaic_outer_rs,medium,photo_recompress,photo_a0_dark_q50,3,1.0,1.0,0.0,1.0,0.0,0.0,n/a,1.0,1.0,1.0,7.962699998946239,11.001666668259228,2.6355000057568154,0.1478333336611589,22.698333341395482
equal_module,mosaic_outer_rs,medium,photo_recompress,photo_a0_normal_q50,3,1.0,1.0,0.0,1.0,0.0,0.0,n/a,1.0,1.0,1.0,6.98029999815238,12.105266680009663,2.425166681253662,0.12156667071394622,22.576000007878367
equal_module,mosaic_outer_rs,medium,photo_recompress,photo_a15_bright_q50,3,1.0,1.0,0.0,1.0,0.0,0.0,n/a,1.0,1.0,1.0,7.263966661412269,10.971866674177969,2.451699993495519,0.12379999194915096,21.67656666521604
equal_module,mosaic_outer_rs,medium,photo_recompress,photo_a15_dark_q50,3,1.0,1.0,0.0,1.0,0.0,0.0,n/a,1.0,1.0,1.0,9.713566658319905,14.79793333176834,3.6609666713047773,0.1350666570942849,29.303966662458453
equal_module,mosaic_outer_rs,medium,photo_recompress,photo_a15_normal_q50,3,1.0,1.0,0.0,1.0,0.0,0.0,n/a,1.0,1.0,1.0,7.310366655777519,10.518966659825915,2.617233335816612,0.12816667246321836,21.4302333285256
equal_module,mosaic_outer_rs,medium,photo_recompress,photo_a30_bright_q50,3,1.0,1.0,0.0,1.0,0.0,0.0,n/a,1.0,1.0,1.0,8.063700011310479,11.056533335552862,2.6294999891736857,0.13973333989270031,22.71709999574038
equal_module,mosaic_outer_rs,medium,photo_recompress,photo_a30_dark_q50,3,1.0,1.0,0.0,1.0,0.0,0.0,n/a,1.0,1.0,1.0,7.623600007112448,9.96143333031796,2.4889000051189214,0.12043333845213056,21.155966678634286
equal_module,mosaic_outer_rs,medium,photo_recompress,photo_a30_normal_q50,3,1.0,1.0,0.0,1.0,0.0,0.0,n/a,1.0,1.0,1.0,8.287066671376428,10.484466659060368,2.461833336080114,0.1369333282733957,22.328100002293166
equal_module,mosaic_outer_rs,medium,scale,scale_100,3,1.0,1.0,1.0,1.0,0.0,0.0,n/a,1.0,1.0,1.0,7.049999995312343,9.548466672034314,2.4404999955246844,0.12766666865597168,19.959299999754876
equal_module,mosaic_outer_rs,medium,scale,scale_25,3,1.0,1.0,0.0,0.0,0.0,0.0,n/a,1.0,0.0,1.0,6.656099993657942,5.946233325327436,0.0,0.0010333412016431491,13.347166668002805
equal_module,mosaic_outer_rs,medium,scale,scale_50,3,1.0,1.0,0.0,1.0,0.0,0.0,n/a,1.0,1.0,1.0,6.943533332863201,9.75543333333917,2.4946333336022994,0.118200007515649,20.068366672300424
equal_module,mosaic_outer_rs,medium,scale,scale_75,3,1.0,1.0,0.0,1.0,0.0,0.0,n/a,1.0,1.0,1.0,8.437733340542763,10.15753332952348,2.5414333407146237,0.12553331907838583,22.2861666600996
equal_module,mosaic_outer_rs,small,colorspace_gamma,cool_tint,3,1.0,1.0,0.0,1.0,0.0,0.0,n/a,1.0,1.0,1.0,8.111099993887668,7.302999991225079,1.002800000909095,0.12170000506254534,17.37019999806459
equal_module,mosaic_outer_rs,small,colorspace_gamma,gamma_070,3,1.0,1.0,1.0,1.0,0.0,0.0,n/a,1.0,1.0,1.0,7.66933333943598,7.141433326372256,1.0011333409541596,0.13330000607917705,16.790066671092063
equal_module,mosaic_outer_rs,small,colorspace_gamma,gamma_140,3,1.0,1.0,1.0,1.0,0.0,0.0,n/a,1.0,1.0,1.0,8.55559999278436,7.965566668038567,1.000200000513966,0.1327666686847806,18.59293331896576
equal_module,mosaic_outer_rs,small,colorspace_gamma,warm_tint,3,1.0,1.0,0.0,1.0,0.0,0.0,n/a,1.0,1.0,1.0,8.85586665632824,10.063766666765636,1.5731666741582255,0.181200021567444,21.578266692813486
equal_module,mosaic_outer_rs,small,grayscale,grayscale,3,1.0,1.0,1.0,1.0,0.0,0.0,n/a,1.0,1.0,1.0,7.637000012133892,7.565066664634894,1.0019000134586047,0.12433331964227061,17.158999990594264
equal_module,mosaic_outer_rs,small,identity,identity,3,1.0,1.0,1.0,1.0,0.0,0.0,n/a,1.0,1.0,1.0,8.235966680028165,9.179266664432362,1.5528333315160125,0.17806666437536478,20.21029999984118
equal_module,mosaic_outer_rs,small,jpeg,jpeg_q30,3,1.0,1.0,0.0,1.0,0.0,0.0,n/a,1.0,1.0,1.0,8.0018333295205,8.431800020237764,1.4995333234158654,0.1338333337722967,18.947966668444376
equal_module,mosaic_outer_rs,small,jpeg,jpeg_q50,3,1.0,1.0,0.0,1.0,0.0,0.0,n/a,1.0,1.0,1.0,7.249533334591736,7.80413331813179,1.0256000192991148,0.13316667173057795,17.104066675528884
equal_module,mosaic_outer_rs,small,jpeg,jpeg_q65,3,1.0,1.0,0.0,1.0,0.0,0.0,n/a,1.0,1.0,1.0,7.86533333788005,7.736633328022435,1.0572666554556538,0.12616666693550846,17.649699992034584
equal_module,mosaic_outer_rs,small,jpeg,jpeg_q80,3,1.0,1.0,0.0,1.0,0.0,0.0,n/a,1.0,1.0,1.0,7.331333336575578,7.889033324318007,1.2361333356238902,0.160333322128281,17.530499996306997
equal_module,mosaic_outer_rs,small,jpeg,jpeg_q95,3,1.0,1.0,0.0,1.0,0.0,0.0,n/a,1.0,1.0,1.0,7.89203333746021,8.719933325968062,1.0801333313186963,0.13986667424129942,18.68276667664759
equal_module,mosaic_outer_rs,small,photo_recompress,photo_a0_bright_q50,3,1.0,1.0,0.0,1.0,0.0,0.0,n/a,1.0,1.0,1.0,7.72963334262992,9.207499999320135,1.3168666628189385,0.1587999965219448,19.287966676832486
equal_module,mosaic_outer_rs,small,photo_recompress,photo_a0_dark_q50,3,1.0,1.0,0.0,1.0,0.0,0.0,n/a,1.0,1.0,1.0,8.007433333356554,9.585099993273616,1.6490333364345133,0.18726666651976606,20.34086666147535
equal_module,mosaic_outer_rs,small,photo_recompress,photo_a0_normal_q50,3,1.0,1.0,0.0,1.0,0.0,0.0,n/a,1.0,1.0,1.0,7.431233340563874,7.54630000058872,1.0692666595180829,0.1319333193047593,16.978499993759517
equal_module,mosaic_outer_rs,small,photo_recompress,photo_a15_bright_q50,3,1.0,1.0,0.0,1.0,0.0,0.0,n/a,1.0,1.0,1.0,7.67219999882703,8.128833336134752,1.0818000106761854,0.16356666067925593,17.88533332486016
equal_module,mosaic_outer_rs,small,photo_recompress,photo_a15_dark_q50,3,1.0,1.0,0.0,1.0,0.0,0.0,n/a,1.0,1.0,1.0,7.789166663618137,8.178099989891052,1.0575333435554057,0.1428333246925225,18.10529999784194
equal_module,mosaic_outer_rs,small,photo_recompress,photo_a15_normal_q50,3,1.0,1.0,0.0,1.0,0.0,0.0,n/a,1.0,1.0,1.0,8.02776666629749,9.286833325556168,1.3500999969740708,0.1592000189702958,19.745933338223647
equal_module,mosaic_outer_rs,small,photo_recompress,photo_a30_bright_q50,3,1.0,1.0,0.0,1.0,0.0,0.0,n/a,1.0,1.0,1.0,8.15709998520712,11.023933329852298,1.3847333320882171,0.19300000470442077,21.713566675316542
equal_module,mosaic_outer_rs,small,photo_recompress,photo_a30_dark_q50,3,1.0,1.0,0.0,1.0,0.0,0.0,n/a,1.0,1.0,1.0,7.581233328285937,8.9448999982172,1.397200006370743,0.1589333211692671,18.93493333288158
equal_module,mosaic_outer_rs,small,photo_recompress,photo_a30_normal_q50,3,1.0,1.0,0.0,1.0,0.0,0.0,n/a,1.0,1.0,1.0,7.926966665157427,8.457900015249228,1.0575666577400018,0.14400000024276474,18.45103333471343
equal_module,mosaic_outer_rs,small,scale,scale_100,3,1.0,1.0,1.0,1.0,0.0,0.0,n/a,1.0,1.0,1.0,7.694499994007249,8.02793333423324,1.0971000010613352,0.13263332463490465,17.84126666219284
equal_module,mosaic_outer_rs,small,scale,scale_25,3,1.0,1.0,0.0,0.0,0.0,0.0,n/a,1.0,0.0,1.0,8.846366661600769,5.566899984842166,0.0,0.0016333360690623522,15.35150000321058
equal_module,mosaic_outer_rs,small,scale,scale_50,3,1.0,1.0,0.0,1.0,0.0,0.0,n/a,1.0,1.0,1.0,7.7102333307266235,8.39526667065608,1.3421333278529346,0.15083332740080854,18.454366664324578
equal_module,mosaic_outer_rs,small,scale,scale_75,3,1.0,1.0,0.0,1.0,0.0,0.0,n/a,1.0,1.0,1.0,8.078166662016883,8.839366647104422,1.1030333310676117,0.14719999550531307,19.12343333242461
equal_module,qr_H,large,colorspace_gamma,cool_tint,3,0.0,0.0,0.0,0.0,0.0,0.0,n/a,0.0,0.0,,0.0,0.0,0.0,0.0,0.0
equal_module,qr_H,large,colorspace_gamma,gamma_070,3,0.0,0.0,0.0,0.0,0.0,0.0,n/a,0.0,0.0,,0.0,0.0,0.0,0.0,0.0
equal_module,qr_H,large,colorspace_gamma,gamma_140,3,0.0,0.0,0.0,0.0,0.0,0.0,n/a,0.0,0.0,,0.0,0.0,0.0,0.0,0.0
equal_module,qr_H,large,colorspace_gamma,warm_tint,3,0.0,0.0,0.0,0.0,0.0,0.0,n/a,0.0,0.0,,0.0,0.0,0.0,0.0,0.0
equal_module,qr_H,large,grayscale,grayscale,3,0.0,0.0,0.0,0.0,0.0,0.0,n/a,0.0,0.0,,0.0,0.0,0.0,0.0,0.0
equal_module,qr_H,large,identity,identity,3,0.0,0.0,0.0,0.0,0.0,0.0,n/a,0.0,0.0,,0.0,0.0,0.0,0.0,0.0
equal_module,qr_H,large,jpeg,jpeg_q30,3,0.0,0.0,0.0,0.0,0.0,0.0,n/a,0.0,0.0,,0.0,0.0,0.0,0.0,0.0
equal_module,qr_H,large,jpeg,jpeg_q50,3,0.0,0.0,0.0,0.0,0.0,0.0,n/a,0.0,0.0,,0.0,0.0,0.0,0.0,0.0
equal_module,qr_H,large,jpeg,jpeg_q65,3,0.0,0.0,0.0,0.0,0.0,0.0,n/a,0.0,0.0,,0.0,0.0,0.0,0.0,0.0
equal_module,qr_H,large,jpeg,jpeg_q80,3,0.0,0.0,0.0,0.0,0.0,0.0,n/a,0.0,0.0,,0.0,0.0,0.0,0.0,0.0
equal_module,qr_H,large,jpeg,jpeg_q95,3,0.0,0.0,0.0,0.0,0.0,0.0,n/a,0.0,0.0,,0.0,0.0,0.0,0.0,0.0
equal_module,qr_H,large,photo_recompress,photo_a0_bright_q50,3,0.0,0.0,0.0,0.0,0.0,0.0,n/a,0.0,0.0,,0.0,0.0,0.0,0.0,0.0
equal_module,qr_H,large,photo_recompress,photo_a0_dark_q50,3,0.0,0.0,0.0,0.0,0.0,0.0,n/a,0.0,0.0,,0.0,0.0,0.0,0.0,0.0
equal_module,qr_H,large,photo_recompress,photo_a0_normal_q50,3,0.0,0.0,0.0,0.0,0.0,0.0,n/a,0.0,0.0,,0.0,0.0,0.0,0.0,0.0
equal_module,qr_H,large,photo_recompress,photo_a15_bright_q50,3,0.0,0.0,0.0,0.0,0.0,0.0,n/a,0.0,0.0,,0.0,0.0,0.0,0.0,0.0
equal_module,qr_H,large,photo_recompress,photo_a15_dark_q50,3,0.0,0.0,0.0,0.0,0.0,0.0,n/a,0.0,0.0,,0.0,0.0,0.0,0.0,0.0
equal_module,qr_H,large,photo_recompress,photo_a15_normal_q50,3,0.0,0.0,0.0,0.0,0.0,0.0,n/a,0.0,0.0,,0.0,0.0,0.0,0.0,0.0
equal_module,qr_H,large,photo_recompress,photo_a30_bright_q50,3,0.0,0.0,0.0,0.0,0.0,0.0,n/a,0.0,0.0,,0.0,0.0,0.0,0.0,0.0
equal_module,qr_H,large,photo_recompress,photo_a30_dark_q50,3,0.0,0.0,0.0,0.0,0.0,0.0,n/a,0.0,0.0,,0.0,0.0,0.0,0.0,0.0
equal_module,qr_H,large,photo_recompress,photo_a30_normal_q50,3,0.0,0.0,0.0,0.0,0.0,0.0,n/a,0.0,0.0,,0.0,0.0,0.0,0.0,0.0
equal_module,qr_H,large,scale,scale_100,3,0.0,0.0,0.0,0.0,0.0,0.0,n/a,0.0,0.0,,0.0,0.0,0.0,0.0,0.0
equal_module,qr_H,large,scale,scale_25,3,0.0,0.0,0.0,0.0,0.0,0.0,n/a,0.0,0.0,,0.0,0.0,0.0,0.0,0.0
equal_module,qr_H,large,scale,scale_50,3,0.0,0.0,0.0,0.0,0.0,0.0,n/a,0.0,0.0,,0.0,0.0,0.0,0.0,0.0
equal_module,qr_H,large,scale,scale_75,3,0.0,0.0,0.0,0.0,0.0,0.0,n/a,0.0,0.0,,0.0,0.0,0.0,0.0,0.0
equal_module,qr_H,medium,colorspace_gamma,cool_tint,3,0.0,0.0,0.0,0.0,0.0,0.0,n/a,0.0,0.0,,0.0,0.0,0.0,0.0,0.0
equal_module,qr_H,medium,colorspace_gamma,gamma_070,3,0.0,0.0,0.0,0.0,0.0,0.0,n/a,0.0,0.0,,0.0,0.0,0.0,0.0,0.0
equal_module,qr_H,medium,colorspace_gamma,gamma_140,3,0.0,0.0,0.0,0.0,0.0,0.0,n/a,0.0,0.0,,0.0,0.0,0.0,0.0,0.0
equal_module,qr_H,medium,colorspace_gamma,warm_tint,3,0.0,0.0,0.0,0.0,0.0,0.0,n/a,0.0,0.0,,0.0,0.0,0.0,0.0,0.0
equal_module,qr_H,medium,grayscale,grayscale,3,0.0,0.0,0.0,0.0,0.0,0.0,n/a,0.0,0.0,,0.0,0.0,0.0,0.0,0.0
equal_module,qr_H,medium,identity,identity,3,0.0,0.0,0.0,0.0,0.0,0.0,n/a,0.0,0.0,,0.0,0.0,0.0,0.0,0.0
equal_module,qr_H,medium,jpeg,jpeg_q30,3,0.0,0.0,0.0,0.0,0.0,0.0,n/a,0.0,0.0,,0.0,0.0,0.0,0.0,0.0
equal_module,qr_H,medium,jpeg,jpeg_q50,3,0.0,0.0,0.0,0.0,0.0,0.0,n/a,0.0,0.0,,0.0,0.0,0.0,0.0,0.0
equal_module,qr_H,medium,jpeg,jpeg_q65,3,0.0,0.0,0.0,0.0,0.0,0.0,n/a,0.0,0.0,,0.0,0.0,0.0,0.0,0.0
equal_module,qr_H,medium,jpeg,jpeg_q80,3,0.0,0.0,0.0,0.0,0.0,0.0,n/a,0.0,0.0,,0.0,0.0,0.0,0.0,0.0
equal_module,qr_H,medium,jpeg,jpeg_q95,3,0.0,0.0,0.0,0.0,0.0,0.0,n/a,0.0,0.0,,0.0,0.0,0.0,0.0,0.0
equal_module,qr_H,medium,photo_recompress,photo_a0_bright_q50,3,0.0,0.0,0.0,0.0,0.0,0.0,n/a,0.0,0.0,,0.0,0.0,0.0,0.0,0.0
equal_module,qr_H,medium,photo_recompress,photo_a0_dark_q50,3,0.0,0.0,0.0,0.0,0.0,0.0,n/a,0.0,0.0,,0.0,0.0,0.0,0.0,0.0
equal_module,qr_H,medium,photo_recompress,photo_a0_normal_q50,3,0.0,0.0,0.0,0.0,0.0,0.0,n/a,0.0,0.0,,0.0,0.0,0.0,0.0,0.0
equal_module,qr_H,medium,photo_recompress,photo_a15_bright_q50,3,0.0,0.0,0.0,0.0,0.0,0.0,n/a,0.0,0.0,,0.0,0.0,0.0,0.0,0.0
equal_module,qr_H,medium,photo_recompress,photo_a15_dark_q50,3,0.0,0.0,0.0,0.0,0.0,0.0,n/a,0.0,0.0,,0.0,0.0,0.0,0.0,0.0
equal_module,qr_H,medium,photo_recompress,photo_a15_normal_q50,3,0.0,0.0,0.0,0.0,0.0,0.0,n/a,0.0,0.0,,0.0,0.0,0.0,0.0,0.0
equal_module,qr_H,medium,photo_recompress,photo_a30_bright_q50,3,0.0,0.0,0.0,0.0,0.0,0.0,n/a,0.0,0.0,,0.0,0.0,0.0,0.0,0.0
equal_module,qr_H,medium,photo_recompress,photo_a30_dark_q50,3,0.0,0.0,0.0,0.0,0.0,0.0,n/a,0.0,0.0,,0.0,0.0,0.0,0.0,0.0
equal_module,qr_H,medium,photo_recompress,photo_a30_normal_q50,3,0.0,0.0,0.0,0.0,0.0,0.0,n/a,0.0,0.0,,0.0,0.0,0.0,0.0,0.0
equal_module,qr_H,medium,scale,scale_100,3,0.0,0.0,0.0,0.0,0.0,0.0,n/a,0.0,0.0,,0.0,0.0,0.0,0.0,0.0
equal_module,qr_H,medium,scale,scale_25,3,0.0,0.0,0.0,0.0,0.0,0.0,n/a,0.0,0.0,,0.0,0.0,0.0,0.0,0.0
equal_module,qr_H,medium,scale,scale_50,3,0.0,0.0,0.0,0.0,0.0,0.0,n/a,0.0,0.0,,0.0,0.0,0.0,0.0,0.0
equal_module,qr_H,medium,scale,scale_75,3,0.0,0.0,0.0,0.0,0.0,0.0,n/a,0.0,0.0,,0.0,0.0,0.0,0.0,0.0
equal_module,qr_H,small,colorspace_gamma,cool_tint,3,1.0,1.0,0.0,1.0,0.0,0.0,n/a,1.0,1.0,,6.904533336637542,5.02846665525188,0.0,0.17453332354004183,12.832933328657722
equal_module,qr_H,small,colorspace_gamma,gamma_070,3,1.0,1.0,1.0,1.0,0.0,0.0,n/a,1.0,1.0,,6.239733338588849,6.099899988233422,0.0,0.2001999916198353,13.365899988760551
equal_module,qr_H,small,colorspace_gamma,gamma_140,3,1.0,1.0,1.0,1.0,0.0,0.0,n/a,1.0,1.0,,6.129033329974239,4.473600003014629,0.0,0.1664333297715833,11.48450001104114
equal_module,qr_H,small,colorspace_gamma,warm_tint,3,1.0,1.0,0.0,1.0,0.0,0.0,n/a,1.0,1.0,,6.981866667047143,5.309833339803542,0.0,0.19526664982549846,13.223066654366752
equal_module,qr_H,small,grayscale,grayscale,3,1.0,1.0,1.0,1.0,0.0,0.0,n/a,1.0,1.0,,6.782066678473105,5.123366669674094,0.0,0.17406666302122176,12.816466653021052
equal_module,qr_H,small,identity,identity,3,1.0,1.0,1.0,1.0,0.0,0.0,n/a,1.0,1.0,,6.735766665466751,5.613800002417217,0.0,0.1755333311545352,13.282800005981699
equal_module,qr_H,small,jpeg,jpeg_q30,3,1.0,1.0,0.0,1.0,0.0,0.0,n/a,1.0,1.0,,6.852999998955056,4.870833324578901,0.0,0.1692333413908879,12.657466674378762
equal_module,qr_H,small,jpeg,jpeg_q50,3,1.0,1.0,0.0,1.0,0.0,0.0,n/a,1.0,1.0,,6.597133324248716,4.588500004805003,0.0,0.14866667333990335,12.091200003245225
equal_module,qr_H,small,jpeg,jpeg_q65,3,1.0,1.0,0.0,1.0,0.0,0.0,n/a,1.0,1.0,,7.194099996316557,5.87709999914902,0.0,0.140233343699947,13.99880000584138
equal_module,qr_H,small,jpeg,jpeg_q80,3,1.0,1.0,0.0,1.0,0.0,0.0,n/a,1.0,1.0,,6.7833333256809665,5.578966665780172,0.0,0.17583334314016005,13.27813333288456
equal_module,qr_H,small,jpeg,jpeg_q95,3,1.0,1.0,0.0,1.0,0.0,0.0,n/a,1.0,1.0,,7.0783000070756925,5.227333342190832,0.0,0.16719999257475138,13.281933332715804
equal_module,qr_H,small,photo_recompress,photo_a0_bright_q50,3,1.0,1.0,0.0,1.0,0.0,0.0,n/a,1.0,1.0,,6.975833336279417,5.6610999842329575,0.0,0.1932333301131924,13.607099991835033
equal_module,qr_H,small,photo_recompress,photo_a0_dark_q50,3,1.0,1.0,0.0,1.0,0.0,0.0,n/a,1.0,1.0,,6.868633334912981,4.919733337980385,0.0,0.1656333236799886,12.724333326332271
equal_module,qr_H,small,photo_recompress,photo_a0_normal_q50,3,1.0,1.0,0.0,1.0,0.0,0.0,n/a,1.0,1.0,,6.007633336897318,4.558099996453772,0.0,0.23359999371071657,11.452999984612688
equal_module,qr_H,small,photo_recompress,photo_a15_bright_q50,3,1.0,1.0,0.0,1.0,0.0,0.0,n/a,1.0,1.0,,7.109800004400313,4.460699992099156,0.0,0.16146666409137347,12.599199990897128
equal_module,qr_H,small,photo_recompress,photo_a15_dark_q50,3,1.0,1.0,0.0,1.0,0.0,0.0,n/a,1.0,1.0,,6.563699998271962,5.538933338054146,0.0,0.197900003210331,13.01186666629898
equal_module,qr_H,small,photo_recompress,photo_a15_normal_q50,3,1.0,1.0,0.0,1.0,0.0,0.0,n/a,1.0,1.0,,6.9539666777321445,5.136400005236889,0.0,0.15096666174940765,12.991466656482467
equal_module,qr_H,small,photo_recompress,photo_a30_bright_q50,3,1.0,1.0,0.0,1.0,0.0,0.0,n/a,1.0,1.0,,7.1820000011939555,6.013233331032097,0.0,0.14150001031036177,14.056400017580017
equal_module,qr_H,small,photo_recompress,photo_a30_dark_q50,3,1.0,1.0,0.0,1.0,0.0,0.0,n/a,1.0,1.0,,6.311500008450821,4.582299996400252,0.0,0.17256667100203535,11.861500010127202
equal_module,qr_H,small,photo_recompress,photo_a30_normal_q50,3,1.0,1.0,0.0,1.0,0.0,0.0,n/a,1.0,1.0,,6.460466664672519,4.664700002952789,0.0,0.18119999246361354,12.024366665476313
equal_module,qr_H,small,scale,scale_100,3,1.0,1.0,1.0,1.0,0.0,0.0,n/a,1.0,1.0,,6.861366661420713,5.473233332547049,0.0,0.1841000145456443,13.252066681161523
equal_module,qr_H,small,scale,scale_25,3,1.0,1.0,0.0,0.0,0.0,0.0,n/a,1.0,0.0,,6.2501666640552385,2.651266666362062,0.0,0.0014666584320366383,9.616866668996712
equal_module,qr_H,small,scale,scale_50,3,1.0,1.0,0.0,1.0,0.0,0.0,n/a,1.0,1.0,,6.060466655374815,5.204933336547886,0.0,0.19176666197987893,12.15750000361974
equal_module,qr_H,small,scale,scale_75,3,1.0,1.0,0.0,1.0,0.0,0.0,n/a,1.0,1.0,,7.69933332533886,7.577266660518944,0.0,0.2253333320065091,16.264366674780224
equal_module,qr_L,large,colorspace_gamma,cool_tint,3,0.0,0.0,0.0,0.0,0.0,0.0,n/a,0.0,0.0,,0.0,0.0,0.0,0.0,0.0
equal_module,qr_L,large,colorspace_gamma,gamma_070,3,0.0,0.0,0.0,0.0,0.0,0.0,n/a,0.0,0.0,,0.0,0.0,0.0,0.0,0.0
equal_module,qr_L,large,colorspace_gamma,gamma_140,3,0.0,0.0,0.0,0.0,0.0,0.0,n/a,0.0,0.0,,0.0,0.0,0.0,0.0,0.0
equal_module,qr_L,large,colorspace_gamma,warm_tint,3,0.0,0.0,0.0,0.0,0.0,0.0,n/a,0.0,0.0,,0.0,0.0,0.0,0.0,0.0
equal_module,qr_L,large,grayscale,grayscale,3,0.0,0.0,0.0,0.0,0.0,0.0,n/a,0.0,0.0,,0.0,0.0,0.0,0.0,0.0
equal_module,qr_L,large,identity,identity,3,0.0,0.0,0.0,0.0,0.0,0.0,n/a,0.0,0.0,,0.0,0.0,0.0,0.0,0.0
equal_module,qr_L,large,jpeg,jpeg_q30,3,0.0,0.0,0.0,0.0,0.0,0.0,n/a,0.0,0.0,,0.0,0.0,0.0,0.0,0.0
equal_module,qr_L,large,jpeg,jpeg_q50,3,0.0,0.0,0.0,0.0,0.0,0.0,n/a,0.0,0.0,,0.0,0.0,0.0,0.0,0.0
equal_module,qr_L,large,jpeg,jpeg_q65,3,0.0,0.0,0.0,0.0,0.0,0.0,n/a,0.0,0.0,,0.0,0.0,0.0,0.0,0.0
equal_module,qr_L,large,jpeg,jpeg_q80,3,0.0,0.0,0.0,0.0,0.0,0.0,n/a,0.0,0.0,,0.0,0.0,0.0,0.0,0.0
equal_module,qr_L,large,jpeg,jpeg_q95,3,0.0,0.0,0.0,0.0,0.0,0.0,n/a,0.0,0.0,,0.0,0.0,0.0,0.0,0.0
equal_module,qr_L,large,photo_recompress,photo_a0_bright_q50,3,0.0,0.0,0.0,0.0,0.0,0.0,n/a,0.0,0.0,,0.0,0.0,0.0,0.0,0.0
equal_module,qr_L,large,photo_recompress,photo_a0_dark_q50,3,0.0,0.0,0.0,0.0,0.0,0.0,n/a,0.0,0.0,,0.0,0.0,0.0,0.0,0.0
equal_module,qr_L,large,photo_recompress,photo_a0_normal_q50,3,0.0,0.0,0.0,0.0,0.0,0.0,n/a,0.0,0.0,,0.0,0.0,0.0,0.0,0.0
equal_module,qr_L,large,photo_recompress,photo_a15_bright_q50,3,0.0,0.0,0.0,0.0,0.0,0.0,n/a,0.0,0.0,,0.0,0.0,0.0,0.0,0.0
equal_module,qr_L,large,photo_recompress,photo_a15_dark_q50,3,0.0,0.0,0.0,0.0,0.0,0.0,n/a,0.0,0.0,,0.0,0.0,0.0,0.0,0.0
equal_module,qr_L,large,photo_recompress,photo_a15_normal_q50,3,0.0,0.0,0.0,0.0,0.0,0.0,n/a,0.0,0.0,,0.0,0.0,0.0,0.0,0.0
equal_module,qr_L,large,photo_recompress,photo_a30_bright_q50,3,0.0,0.0,0.0,0.0,0.0,0.0,n/a,0.0,0.0,,0.0,0.0,0.0,0.0,0.0
equal_module,qr_L,large,photo_recompress,photo_a30_dark_q50,3,0.0,0.0,0.0,0.0,0.0,0.0,n/a,0.0,0.0,,0.0,0.0,0.0,0.0,0.0
equal_module,qr_L,large,photo_recompress,photo_a30_normal_q50,3,0.0,0.0,0.0,0.0,0.0,0.0,n/a,0.0,0.0,,0.0,0.0,0.0,0.0,0.0
equal_module,qr_L,large,scale,scale_100,3,0.0,0.0,0.0,0.0,0.0,0.0,n/a,0.0,0.0,,0.0,0.0,0.0,0.0,0.0
equal_module,qr_L,large,scale,scale_25,3,0.0,0.0,0.0,0.0,0.0,0.0,n/a,0.0,0.0,,0.0,0.0,0.0,0.0,0.0
equal_module,qr_L,large,scale,scale_50,3,0.0,0.0,0.0,0.0,0.0,0.0,n/a,0.0,0.0,,0.0,0.0,0.0,0.0,0.0
equal_module,qr_L,large,scale,scale_75,3,0.0,0.0,0.0,0.0,0.0,0.0,n/a,0.0,0.0,,0.0,0.0,0.0,0.0,0.0
equal_module,qr_L,medium,colorspace_gamma,cool_tint,3,1.0,1.0,0.0,1.0,0.0,0.0,n/a,1.0,1.0,,5.889233337560047,4.1009666650400804,0.0,0.17566666550313434,10.961033335964506
equal_module,qr_L,medium,colorspace_gamma,gamma_070,3,1.0,1.0,1.0,1.0,0.0,0.0,n/a,1.0,1.0,,5.7441333289413405,3.413033322431147,0.0,0.13640001028155288,9.94203332811594
equal_module,qr_L,medium,colorspace_gamma,gamma_140,3,1.0,1.0,1.0,1.0,0.0,0.0,n/a,1.0,1.0,,5.768133327364922,3.3736333231596896,0.0,0.13453333910244206,9.91109999207159
equal_module,qr_L,medium,colorspace_gamma,warm_tint,3,1.0,1.0,0.0,1.0,0.0,0.0,n/a,1.0,1.0,,5.45480001407365,3.719000000273809,0.0,0.14260000898502767,9.948700006740788
equal_module,qr_L,medium,grayscale,grayscale,3,1.0,1.0,1.0,1.0,0.0,0.0,n/a,1.0,1.0,,5.703966666866715,3.409500000998378,0.0,0.13433332787826657,9.84749999285365
equal_module,qr_L,medium,identity,identity,3,1.0,1.0,1.0,1.0,0.0,0.0,n/a,1.0,1.0,,5.86026666375498,4.117166671979551,0.0,0.1951000012923032,10.877266681442658
equal_module,qr_L,medium,jpeg,jpeg_q30,3,1.0,1.0,0.0,1.0,0.0,0.0,n/a,1.0,1.0,,5.742400001812105,3.7577999949765704,0.0,0.13719999697059393,10.251233325107023
equal_module,qr_L,medium,jpeg,jpeg_q50,3,1.0,1.0,0.0,1.0,0.0,0.0,n/a,1.0,1.0,,5.610166660820444,3.4701999878355614,0.0,0.1352333347313106,9.857066674157977
equal_module,qr_L,medium,jpeg,jpeg_q65,3,1.0,1.0,0.0,1.0,0.0,0.0,n/a,1.0,1.0,,5.476366660635297,3.6156333420270435,0.0,0.13890000021395585,9.845400005967045
equal_module,qr_L,medium,jpeg,jpeg_q80,3,1.0,1.0,0.0,1.0,0.0,0.0,n/a,1.0,1.0,,5.677466668809454,3.443566665130978,0.0,0.14343332926121852,9.876933336878816
equal_module,qr_L,medium,jpeg,jpeg_q95,3,1.0,1.0,0.0,1.0,0.0,0.0,n/a,1.0,1.0,,5.611033324385062,3.674733336083591,0.0,0.17466665788864097,10.125099982057387
equal_module,qr_L,medium,photo_recompress,photo_a0_bright_q50,3,1.0,1.0,0.0,1.0,0.0,0.0,n/a,1.0,1.0,,5.693133328653251,4.435633318886782,0.0,0.15550001019922396,10.890833334997296
equal_module,qr_L,medium,photo_recompress,photo_a0_dark_q50,3,1.0,1.0,0.0,1.0,0.0,0.0,n/a,1.0,1.0,,5.483366665430367,4.0958333217228455,0.0,0.16293333222468695,10.388633333301792
equal_module,qr_L,medium,photo_recompress,photo_a0_normal_q50,3,1.0,1.0,0.0,1.0,0.0,0.0,n/a,1.0,1.0,,5.611233335609238,3.589766662723074,0.0,0.13446666222686568,9.976333327358589
equal_module,qr_L,medium,photo_recompress,photo_a15_bright_q50,3,1.0,1.0,0.0,1.0,0.0,0.0,n/a,1.0,1.0,,5.629633320495486,4.354099995301415,0.0,0.13560000418995818,10.758266667835414
equal_module,qr_L,medium,photo_recompress,photo_a15_dark_q50,3,1.0,1.0,0.0,1.0,0.0,0.0,n/a,1.0,1.0,,5.454033331867929,3.604933328460902,0.0,0.1338333337722967,9.820166655117646
equal_module,qr_L,medium,photo_recompress,photo_a15_normal_q50,3,1.0,1.0,0.0,1.0,0.0,0.0,n/a,1.0,1.0,,5.260566656943411,3.6197666583272317,0.0,0.1490333330972741,9.674666662855694
equal_module,qr_L,medium,photo_recompress,photo_a30_bright_q50,3,1.0,1.0,0.0,1.0,0.0,0.0,n/a,1.0,1.0,,5.802666661717619,4.472566661812986,0.0,0.14450000405001143,11.08893333002925
equal_module,qr_L,medium,photo_recompress,photo_a30_dark_q50,3,1.0,1.0,0.0,1.0,0.0,0.0,n/a,1.0,1.0,,5.2309666643850505,3.9109000063035637,0.0,0.13563334747838476,9.920766664436087
equal_module,qr_L,medium,photo_recompress,photo_a30_normal_q50,3,1.0,1.0,0.0,1.0,0.0,0.0,n/a,1.0,1.0,,6.8017000060838955,4.352666670456529,0.0,0.14880000768850246,12.137566683425879
equal_module,qr_L,medium,scale,scale_100,3,1.0,1.0,1.0,1.0,0.0,0.0,n/a,1.0,1.0,,6.293166661635041,4.343566669073577,0.0,0.16823333377639452,11.554566667958474
equal_module,qr_L,medium,scale,scale_25,3,1.0,1.0,0.0,0.0,0.0,0.0,n/a,1.0,0.0,,5.301900004269555,2.4253666633740067,0.0,0.0009333307389169931,8.327033331928154
equal_module,qr_L,medium,scale,scale_50,3,1.0,1.0,0.0,1.0,0.0,0.0,n/a,1.0,1.0,,5.794966670994957,3.643133337997521,0.0,0.13879998975122967,10.23506666145598
equal_module,qr_L,medium,scale,scale_75,3,1.0,1.0,0.0,1.0,0.0,0.0,n/a,1.0,1.0,,6.550300002951796,3.6103999979483583,0.0,0.13909999203557769,10.978966670033211
equal_module,qr_L,small,colorspace_gamma,cool_tint,3,1.0,1.0,0.0,1.0,0.0,0.0,n/a,1.0,1.0,,6.040233342597882,1.293366668202604,0.0,0.1611333379211525,8.191666662848244
equal_module,qr_L,small,colorspace_gamma,gamma_070,3,1.0,1.0,1.0,1.0,0.0,0.0,n/a,1.0,1.0,,6.234966664730261,1.2629666598513722,0.0,0.1769333321135491,8.425999995476255
equal_module,qr_L,small,colorspace_gamma,gamma_140,3,1.0,1.0,1.0,1.0,0.0,0.0,n/a,1.0,1.0,,5.97090000519529,1.1653666636751343,0.0,0.13389999124531946,8.008599979802966
equal_module,qr_L,small,colorspace_gamma,warm_tint,3,1.0,1.0,0.0,1.0,0.0,0.0,n/a,1.0,1.0,,5.668433344302078,1.1358666621769469,0.0,0.1393999943199257,7.60496665801232
equal_module,qr_L,small,grayscale,grayscale,3,1.0,1.0,1.0,1.0,0.0,0.0,n/a,1.0,1.0,,6.072800005010019,1.2138333404436707,0.0,0.15653333199831346,8.136433335797241
equal_module,qr_L,small,identity,identity,3,1.0,1.0,1.0,1.0,0.0,0.0,n/a,1.0,1.0,,5.839400003120924,1.2024999887216836,0.0,0.15523334150202572,7.8452999975221855
equal_module,qr_L,small,jpeg,jpeg_q30,3,1.0,1.0,0.0,1.0,0.0,0.0,n/a,1.0,1.0,,6.048933331233759,1.1176999832969159,0.0,0.1359999975344787,8.022099985585859
equal_module,qr_L,small,jpeg,jpeg_q50,3,1.0,1.0,0.0,1.0,0.0,0.0,n/a,1.0,1.0,,6.018466665409505,1.0813000068689387,0.0,0.13329999637790024,7.9187666706275195
equal_module,qr_L,small,jpeg,jpeg_q65,3,1.0,1.0,0.0,1.0,0.0,0.0,n/a,1.0,1.0,,6.2101999938022345,1.1681333320060123,0.0,0.13953332866852483,8.202700002584606
equal_module,qr_L,small,jpeg,jpeg_q80,3,1.0,1.0,0.0,1.0,0.0,0.0,n/a,1.0,1.0,,6.116266672809918,1.1351333329609286,0.0,0.1419000036548823,8.12753332623591
equal_module,qr_L,small,jpeg,jpeg_q95,3,1.0,1.0,0.0,1.0,0.0,0.0,n/a,1.0,1.0,,5.6622666694844765,1.1973999983941515,0.0,0.13253335297728577,7.679633349956323
equal_module,qr_L,small,photo_recompress,photo_a0_bright_q50,3,1.0,1.0,0.0,1.0,0.0,0.0,n/a,1.0,1.0,,6.242333329282701,1.4230000087991357,0.0,0.17086666775867343,8.535866674113398
equal_module,qr_L,small,photo_recompress,photo_a0_dark_q50,3,1.0,1.0,0.0,0.0,0.0,0.0,n/a,1.0,0.0,,6.7121666797902435,0.8966000071571519,0.0,0.0016333360690623522,8.35656666701349
equal_module,qr_L,small,photo_recompress,photo_a0_normal_q50,3,1.0,1.0,0.0,0.3333333333333333,0.0,0.0,n/a,1.0,0.3333333333333333,,5.686933339651053,0.7637000041237721,0.0,0.045400006153310336,7.208233340255295
equal_module,qr_L,small,photo_recompress,photo_a15_bright_q50,3,1.0,1.0,0.0,1.0,0.0,0.0,n/a,1.0,1.0,,5.444100000507508,1.3449666827606659,0.0,0.1393000032597532,7.574933348223567
equal_module,qr_L,small,photo_recompress,photo_a15_dark_q50,3,1.0,1.0,0.0,0.0,0.0,0.0,n/a,1.0,0.0,,5.8250000001862645,0.7271999978305151,0.0,0.000933340440193812,7.238466670969501
equal_module,qr_L,small,photo_recompress,photo_a15_normal_q50,3,1.0,1.0,0.0,0.0,0.0,0.0,n/a,1.0,0.0,,5.238599997634689,0.7689000049140304,0.0,0.0011333322618156672,6.713299992649506
equal_module,qr_L,small,photo_recompress,photo_a30_bright_q50,3,1.0,1.0,0.0,1.0,0.0,0.0,n/a,1.0,1.0,,5.640199999713029,1.3375333413326491,0.0,0.16193332461019358,7.8508333244826645
equal_module,qr_L,small,photo_recompress,photo_a30_dark_q50,3,1.0,1.0,0.0,0.0,0.0,0.0,n/a,1.0,0.0,,6.580700011303027,0.737533332236732,0.0,0.0018333375919610262,8.111733332043514
equal_module,qr_L,small,photo_recompress,photo_a30_normal_q50,3,1.0,1.0,0.0,0.0,0.0,0.0,n/a,1.0,0.0,,6.452866674711307,0.587133322066317,0.0,0.0010333412016431491,8.516333347264057
equal_module,qr_L,small,scale,scale_100,3,1.0,1.0,1.0,1.0,0.0,0.0,n/a,1.0,1.0,,5.525599990505725,1.128133328165859,0.0,0.14179999319215617,7.4376999885619925
equal_module,qr_L,small,scale,scale_25,3,1.0,1.0,0.0,0.0,0.0,0.0,n/a,1.0,0.0,,5.596866675963004,0.8541666708576182,0.0,0.000999997913216551,7.146233333817993
equal_module,qr_L,small,scale,scale_50,3,1.0,1.0,0.0,1.0,0.0,0.0,n/a,1.0,1.0,,5.546333336193736,1.106099991981561,0.0,0.1341333360566447,7.463566667865962
equal_module,qr_L,small,scale,scale_75,3,1.0,1.0,0.0,1.0,0.0,0.0,n/a,1.0,1.0,,6.130433330933253,1.1170999981307734,0.0,0.14360001659952104,8.048800004568571
equal_module,qr_M,large,colorspace_gamma,cool_tint,3,0.0,0.0,0.0,0.0,0.0,0.0,n/a,0.0,0.0,,0.0,0.0,0.0,0.0,0.0
equal_module,qr_M,large,colorspace_gamma,gamma_070,3,0.0,0.0,0.0,0.0,0.0,0.0,n/a,0.0,0.0,,0.0,0.0,0.0,0.0,0.0
equal_module,qr_M,large,colorspace_gamma,gamma_140,3,0.0,0.0,0.0,0.0,0.0,0.0,n/a,0.0,0.0,,0.0,0.0,0.0,0.0,0.0
equal_module,qr_M,large,colorspace_gamma,warm_tint,3,0.0,0.0,0.0,0.0,0.0,0.0,n/a,0.0,0.0,,0.0,0.0,0.0,0.0,0.0
equal_module,qr_M,large,grayscale,grayscale,3,0.0,0.0,0.0,0.0,0.0,0.0,n/a,0.0,0.0,,0.0,0.0,0.0,0.0,0.0
equal_module,qr_M,large,identity,identity,3,0.0,0.0,0.0,0.0,0.0,0.0,n/a,0.0,0.0,,0.0,0.0,0.0,0.0,0.0
equal_module,qr_M,large,jpeg,jpeg_q30,3,0.0,0.0,0.0,0.0,0.0,0.0,n/a,0.0,0.0,,0.0,0.0,0.0,0.0,0.0
equal_module,qr_M,large,jpeg,jpeg_q50,3,0.0,0.0,0.0,0.0,0.0,0.0,n/a,0.0,0.0,,0.0,0.0,0.0,0.0,0.0
equal_module,qr_M,large,jpeg,jpeg_q65,3,0.0,0.0,0.0,0.0,0.0,0.0,n/a,0.0,0.0,,0.0,0.0,0.0,0.0,0.0
equal_module,qr_M,large,jpeg,jpeg_q80,3,0.0,0.0,0.0,0.0,0.0,0.0,n/a,0.0,0.0,,0.0,0.0,0.0,0.0,0.0
equal_module,qr_M,large,jpeg,jpeg_q95,3,0.0,0.0,0.0,0.0,0.0,0.0,n/a,0.0,0.0,,0.0,0.0,0.0,0.0,0.0
equal_module,qr_M,large,photo_recompress,photo_a0_bright_q50,3,0.0,0.0,0.0,0.0,0.0,0.0,n/a,0.0,0.0,,0.0,0.0,0.0,0.0,0.0
equal_module,qr_M,large,photo_recompress,photo_a0_dark_q50,3,0.0,0.0,0.0,0.0,0.0,0.0,n/a,0.0,0.0,,0.0,0.0,0.0,0.0,0.0
equal_module,qr_M,large,photo_recompress,photo_a0_normal_q50,3,0.0,0.0,0.0,0.0,0.0,0.0,n/a,0.0,0.0,,0.0,0.0,0.0,0.0,0.0
equal_module,qr_M,large,photo_recompress,photo_a15_bright_q50,3,0.0,0.0,0.0,0.0,0.0,0.0,n/a,0.0,0.0,,0.0,0.0,0.0,0.0,0.0
equal_module,qr_M,large,photo_recompress,photo_a15_dark_q50,3,0.0,0.0,0.0,0.0,0.0,0.0,n/a,0.0,0.0,,0.0,0.0,0.0,0.0,0.0
equal_module,qr_M,large,photo_recompress,photo_a15_normal_q50,3,0.0,0.0,0.0,0.0,0.0,0.0,n/a,0.0,0.0,,0.0,0.0,0.0,0.0,0.0
equal_module,qr_M,large,photo_recompress,photo_a30_bright_q50,3,0.0,0.0,0.0,0.0,0.0,0.0,n/a,0.0,0.0,,0.0,0.0,0.0,0.0,0.0
equal_module,qr_M,large,photo_recompress,photo_a30_dark_q50,3,0.0,0.0,0.0,0.0,0.0,0.0,n/a,0.0,0.0,,0.0,0.0,0.0,0.0,0.0
equal_module,qr_M,large,photo_recompress,photo_a30_normal_q50,3,0.0,0.0,0.0,0.0,0.0,0.0,n/a,0.0,0.0,,0.0,0.0,0.0,0.0,0.0
equal_module,qr_M,large,scale,scale_100,3,0.0,0.0,0.0,0.0,0.0,0.0,n/a,0.0,0.0,,0.0,0.0,0.0,0.0,0.0
equal_module,qr_M,large,scale,scale_25,3,0.0,0.0,0.0,0.0,0.0,0.0,n/a,0.0,0.0,,0.0,0.0,0.0,0.0,0.0
equal_module,qr_M,large,scale,scale_50,3,0.0,0.0,0.0,0.0,0.0,0.0,n/a,0.0,0.0,,0.0,0.0,0.0,0.0,0.0
equal_module,qr_M,large,scale,scale_75,3,0.0,0.0,0.0,0.0,0.0,0.0,n/a,0.0,0.0,,0.0,0.0,0.0,0.0,0.0
equal_module,qr_M,medium,colorspace_gamma,cool_tint,3,1.0,1.0,0.0,1.0,0.0,0.0,n/a,1.0,1.0,,6.367200005721922,4.906833336766188,0.0,0.1667333320559313,12.200133322039619
equal_module,qr_M,medium,colorspace_gamma,gamma_070,3,1.0,1.0,1.0,1.0,0.0,0.0,n/a,1.0,1.0,,5.784433335065842,4.59946666766579,0.0,0.1369666715618223,11.148300002484271
equal_module,qr_M,medium,colorspace_gamma,gamma_140,3,1.0,1.0,1.0,1.0,0.0,0.0,n/a,1.0,1.0,,6.530666665639728,4.94113332630756,0.0,0.17313334198358157,12.614000006578863
equal_module,qr_M,medium,colorspace_gamma,warm_tint,3,1.0,1.0,0.0,1.0,0.0,0.0,n/a,1.0,1.0,,6.2716666725464165,4.750599997350946,0.0,0.14383332260573903,11.900066669719914
equal_module,qr_M,medium,grayscale,grayscale,3,1.0,1.0,1.0,1.0,0.0,0.0,n/a,1.0,1.0,,5.79200000114118,4.7722000066035735,0.0,0.13436666146541634,11.30669999596042
equal_module,qr_M,medium,identity,identity,3,1.0,1.0,1.0,1.0,0.0,0.0,n/a,1.0,1.0,,9.470933330400536,5.464533334209894,0.0,0.18619999173097312,16.165866662049666
equal_module,qr_M,medium,jpeg,jpeg_q30,3,1.0,1.0,0.0,1.0,0.0,0.0,n/a,1.0,1.0,,5.770733327760051,4.567533333708222,0.0,0.13513333396986127,11.074433326333141
equal_module,qr_M,medium,jpeg,jpeg_q50,3,1.0,1.0,0.0,1.0,0.0,0.0,n/a,1.0,1.0,,6.119700012883793,5.093466665130109,0.0,0.13380000018514693,11.95526666318377
equal_module,qr_M,medium,jpeg,jpeg_q65,3,1.0,1.0,0.0,1.0,0.0,0.0,n/a,1.0,1.0,,6.10269999015145,4.593766653367008,0.0,0.13553333701565862,11.42263332925116
equal_module,qr_M,medium,jpeg,jpeg_q80,3,1.0,1.0,0.0,1.0,0.0,0.0,n/a,1.0,1.0,,5.672999997235213,4.9347333260811865,0.0,0.1630999807578822,11.397166643291712
equal_module,qr_M,medium,jpeg,jpeg_q95,3,1.0,1.0,0.0,1.0,0.0,0.0,n/a,1.0,1.0,,5.628066680704554,4.675599998639275,0.0,0.1733666673923532,11.161199993997192
equal_module,qr_M,medium,photo_recompress,photo_a0_bright_q50,3,1.0,1.0,0.0,1.0,0.0,0.0,n/a,1.0,1.0,,5.683733334687228,6.7162333289161325,0.0,0.14836667105555534,13.398000010056421
equal_module,qr_M,medium,photo_recompress,photo_a0_dark_q50,3,1.0,1.0,0.0,1.0,0.0,0.0,n/a,1.0,1.0,,6.2848666760449605,5.361533335720499,0.0,0.13890000991523266,12.496866673852006
equal_module,qr_M,medium,photo_recompress,photo_a0_normal_q50,3,1.0,1.0,0.0,1.0,0.0,0.0,n/a,1.0,1.0,,5.703833332518116,4.9756333270731075,0.0,0.13579999601158002,11.466533333684007
equal_module,qr_M,medium,photo_recompress,photo_a15_bright_q50,3,1.0,1.0,0.0,1.0,0.0,0.0,n/a,1.0,1.0,,6.009366664026554,6.083599999935056,0.0,0.13953333836980164,12.854799996906271
equal_module,qr_M,medium,photo_recompress,photo_a15_dark_q50,3,1.0,1.0,0.0,1.0,0.0,0.0,n/a,1.0,1.0,,5.799500009743497,4.965966674111162,0.0,0.14540000120177865,11.576133333922675
equal_module,qr_M,medium,photo_recompress,photo_a15_normal_q50,3,1.0,1.0,0.0,1.0,0.0,0.0,n/a,1.0,1.0,,5.67353333462961,5.303966667270288,0.0,0.14590000500902534,11.757266678614542
equal_module,qr_M,medium,photo_recompress,photo_a30_bright_q50,3,1.0,1.0,0.0,1.0,0.0,0.0,n/a,1.0,1.0,,5.546333326492459,7.039099999625857,0.0,0.1478000000740091,13.353666668990627
equal_module,qr_M,medium,photo_recompress,photo_a30_dark_q50,3,1.0,1.0,0.0,1.0,0.0,0.0,n/a,1.0,1.0,,5.287433334160596,4.906333332958941,0.0,0.13569999525013068,11.17113332535761
equal_module,qr_M,medium,photo_recompress,photo_a30_normal_q50,3,1.0,1.0,0.0,1.0,0.0,0.0,n/a,1.0,1.0,,5.246700001104425,5.043799998626734,0.0,0.1375666664292415,11.05076665407978
equal_module,qr_M,medium,scale,scale_100,3,1.0,1.0,1.0,1.0,0.0,0.0,n/a,1.0,1.0,,5.658366678593059,4.600733334276204,0.0,0.15016666535908976,11.00246665494827
equal_module,qr_M,medium,scale,scale_25,3,1.0,1.0,0.0,0.0,0.0,0.0,n/a,1.0,0.0,,6.235233333427459,3.5187000078925244,0.0,0.001199999436115225,10.413433337816969
equal_module,qr_M,medium,scale,scale_50,3,1.0,1.0,0.0,1.0,0.0,0.0,n/a,1.0,1.0,,5.9701999998651445,4.7442666642988724,0.0,0.14216666265080372,11.48493333797281
equal_module,qr_M,medium,scale,scale_75,3,1.0,1.0,0.0,1.0,0.0,0.0,n/a,1.0,1.0,,5.540900009994705,4.73806665589412,0.0,0.1414666670219352,11.045300003994877
equal_module,qr_M,small,colorspace_gamma,cool_tint,3,1.0,1.0,0.0,1.0,0.0,0.0,n/a,1.0,1.0,,5.825066667360564,1.9691666626992326,0.0,0.139933341415599,8.64670000737533
equal_module,qr_M,small,colorspace_gamma,gamma_070,3,1.0,1.0,1.0,1.0,0.0,0.0,n/a,1.0,1.0,,5.8871333312708884,2.2072666712726154,0.0,0.18926666234619915,9.064433339517564
equal_module,qr_M,small,colorspace_gamma,gamma_140,3,1.0,1.0,1.0,1.0,0.0,0.0,n/a,1.0,1.0,,7.04553333343938,2.6146666690086326,0.0,0.21476667219152054,10.669866673803577
equal_module,qr_M,small,colorspace_gamma,warm_tint,3,1.0,1.0,0.0,1.0,0.0,0.0,n/a,1.0,1.0,,6.463433324825019,2.19519999033461,0.0,0.15856665171061954,9.567733330186456
equal_module,qr_M,small,grayscale,grayscale,3,1.0,1.0,1.0,1.0,0.0,0.0,n/a,1.0,1.0,,6.18666666559875,2.222366660134867,0.0,0.16906666375386217,9.318733325926587
equal_module,qr_M,small,identity,identity,3,1.0,1.0,1.0,1.0,0.0,0.0,n/a,1.0,1.0,,5.845566677938526,1.9361666636541486,0.0,0.14153334389751157,8.579333341913298
equal_module,qr_M,small,jpeg,jpeg_q30,3,1.0,1.0,0.0,1.0,0.0,0.0,n/a,1.0,1.0,,5.959066669068609,1.893899995290364,0.0,0.13883333303965628,8.696566675401604
equal_module,qr_M,small,jpeg,jpeg_q50,3,1.0,1.0,0.0,1.0,0.0,0.0,n/a,1.0,1.0,,5.835099999482433,2.246266657796999,0.0,0.1626666635274887,8.974199988491213
equal_module,qr_M,small,jpeg,jpeg_q65,3,1.0,1.0,0.0,1.0,0.0,0.0,n/a,1.0,1.0,,5.517333319100241,1.8800666633372505,0.0,0.16820000989052156,8.263100016241273
equal_module,qr_M,small,jpeg,jpeg_q80,3,1.0,1.0,0.0,1.0,0.0,0.0,n/a,1.0,1.0,,6.11896666426522,1.9496333455511679,0.0,0.14753333137681088,8.883799998632943
equal_module,qr_M,small,jpeg,jpeg_q95,3,1.0,1.0,0.0,1.0,0.0,0.0,n/a,1.0,1.0,,5.610166680222998,2.1203666692599654,0.0,0.16369999502785504,8.588933327700943
equal_module,qr_M,small,photo_recompress,photo_a0_bright_q50,3,1.0,1.0,0.0,1.0,0.0,0.0,n/a,1.0,1.0,,5.7567333278711885,3.2981333303420493,0.0,0.15920000926901898,9.915266680764034
equal_module,qr_M,small,photo_recompress,photo_a0_dark_q50,3,1.0,1.0,0.0,1.0,0.0,0.0,n/a,1.0,1.0,,5.759000002096097,2.50096667635565,0.0,0.16220001270994544,9.083366681200763
equal_module,qr_M,small,photo_recompress,photo_a0_normal_q50,3,1.0,1.0,0.0,1.0,0.0,0.0,n/a,1.0,1.0,,5.449166666949168,2.026066678809002,0.0,0.16739999409765005,8.300600001045192
equal_module,qr_M,small,photo_recompress,photo_a15_bright_q50,3,1.0,1.0,0.0,1.0,0.0,0.0,n/a,1.0,1.0,,6.704033342733358,3.0155666657568267,0.0,0.1885666667173306,10.649166661702717
equal_module,qr_M,small,photo_recompress,photo_a15_dark_q50,3,1.0,1.0,0.0,0.0,0.0,0.0,n/a,1.0,0.0,,5.351233315498878,0.945733345967407,0.0,0.000833339678744475,6.9211000033343835
equal_module,qr_M,small,photo_recompress,photo_a15_normal_q50,3,1.0,1.0,0.0,0.6666666666666666,0.0,0.0,n/a,1.0,0.6666666666666666,,6.233733341408272,2.316666669988384,0.0,0.14133332297205925,9.479399993627643
equal_module,qr_M,small,photo_recompress,photo_a30_bright_q50,3,1.0,1.0,0.0,1.0,0.0,0.0,n/a,1.0,1.0,,5.863899985949199,2.2455333285809806,0.0,0.13669999316334724,8.89153333264403
equal_module,qr_M,small,photo_recompress,photo_a30_dark_q50,3,1.0,1.0,0.0,0.0,0.0,0.0,n/a,1.0,0.0,,6.0305000030590845,1.2672000060168405,0.0,0.0008333299774676561,7.983699993928894
equal_module,qr_M,small,photo_recompress,photo_a30_normal_q50,3,1.0,1.0,0.0,0.0,0.0,0.0,n/a,1.0,0.0,,5.646300007356331,1.0234000025472294,0.0,0.0009333307389169931,7.3315000045113266
equal_module,qr_M,small,scale,scale_100,3,1.0,1.0,1.0,1.0,0.0,0.0,n/a,1.0,1.0,,5.640700013221552,2.3638666704452285,0.0,0.16393333983918032,8.884666671898836
equal_module,qr_M,small,scale,scale_25,3,1.0,1.0,0.0,0.0,0.0,0.0,n/a,1.0,0.0,,5.529166664928198,1.2113666646958638,0.0,0.000833339678744475,7.456933342230816
equal_module,qr_M,small,scale,scale_50,3,1.0,1.0,0.0,1.0,0.0,0.0,n/a,1.0,1.0,,5.686866672476754,1.8702333327382803,0.0,0.1355666706028084,8.312666662580645
equal_module,qr_M,small,scale,scale_75,3,1.0,1.0,0.0,1.0,0.0,0.0,n/a,1.0,1.0,,5.524933328464006,1.8532000055226188,0.0,0.13993333171432218,8.138133339040602
equal_module,qr_Q,large,colorspace_gamma,cool_tint,3,0.0,0.0,0.0,0.0,0.0,0.0,n/a,0.0,0.0,,0.0,0.0,0.0,0.0,0.0
equal_module,qr_Q,large,colorspace_gamma,gamma_070,3,0.0,0.0,0.0,0.0,0.0,0.0,n/a,0.0,0.0,,0.0,0.0,0.0,0.0,0.0
equal_module,qr_Q,large,colorspace_gamma,gamma_140,3,0.0,0.0,0.0,0.0,0.0,0.0,n/a,0.0,0.0,,0.0,0.0,0.0,0.0,0.0
equal_module,qr_Q,large,colorspace_gamma,warm_tint,3,0.0,0.0,0.0,0.0,0.0,0.0,n/a,0.0,0.0,,0.0,0.0,0.0,0.0,0.0
equal_module,qr_Q,large,grayscale,grayscale,3,0.0,0.0,0.0,0.0,0.0,0.0,n/a,0.0,0.0,,0.0,0.0,0.0,0.0,0.0
equal_module,qr_Q,large,identity,identity,3,0.0,0.0,0.0,0.0,0.0,0.0,n/a,0.0,0.0,,0.0,0.0,0.0,0.0,0.0
equal_module,qr_Q,large,jpeg,jpeg_q30,3,0.0,0.0,0.0,0.0,0.0,0.0,n/a,0.0,0.0,,0.0,0.0,0.0,0.0,0.0
equal_module,qr_Q,large,jpeg,jpeg_q50,3,0.0,0.0,0.0,0.0,0.0,0.0,n/a,0.0,0.0,,0.0,0.0,0.0,0.0,0.0
equal_module,qr_Q,large,jpeg,jpeg_q65,3,0.0,0.0,0.0,0.0,0.0,0.0,n/a,0.0,0.0,,0.0,0.0,0.0,0.0,0.0
equal_module,qr_Q,large,jpeg,jpeg_q80,3,0.0,0.0,0.0,0.0,0.0,0.0,n/a,0.0,0.0,,0.0,0.0,0.0,0.0,0.0
equal_module,qr_Q,large,jpeg,jpeg_q95,3,0.0,0.0,0.0,0.0,0.0,0.0,n/a,0.0,0.0,,0.0,0.0,0.0,0.0,0.0
equal_module,qr_Q,large,photo_recompress,photo_a0_bright_q50,3,0.0,0.0,0.0,0.0,0.0,0.0,n/a,0.0,0.0,,0.0,0.0,0.0,0.0,0.0
equal_module,qr_Q,large,photo_recompress,photo_a0_dark_q50,3,0.0,0.0,0.0,0.0,0.0,0.0,n/a,0.0,0.0,,0.0,0.0,0.0,0.0,0.0
equal_module,qr_Q,large,photo_recompress,photo_a0_normal_q50,3,0.0,0.0,0.0,0.0,0.0,0.0,n/a,0.0,0.0,,0.0,0.0,0.0,0.0,0.0
equal_module,qr_Q,large,photo_recompress,photo_a15_bright_q50,3,0.0,0.0,0.0,0.0,0.0,0.0,n/a,0.0,0.0,,0.0,0.0,0.0,0.0,0.0
equal_module,qr_Q,large,photo_recompress,photo_a15_dark_q50,3,0.0,0.0,0.0,0.0,0.0,0.0,n/a,0.0,0.0,,0.0,0.0,0.0,0.0,0.0
equal_module,qr_Q,large,photo_recompress,photo_a15_normal_q50,3,0.0,0.0,0.0,0.0,0.0,0.0,n/a,0.0,0.0,,0.0,0.0,0.0,0.0,0.0
equal_module,qr_Q,large,photo_recompress,photo_a30_bright_q50,3,0.0,0.0,0.0,0.0,0.0,0.0,n/a,0.0,0.0,,0.0,0.0,0.0,0.0,0.0
equal_module,qr_Q,large,photo_recompress,photo_a30_dark_q50,3,0.0,0.0,0.0,0.0,0.0,0.0,n/a,0.0,0.0,,0.0,0.0,0.0,0.0,0.0
equal_module,qr_Q,large,photo_recompress,photo_a30_normal_q50,3,0.0,0.0,0.0,0.0,0.0,0.0,n/a,0.0,0.0,,0.0,0.0,0.0,0.0,0.0
equal_module,qr_Q,large,scale,scale_100,3,0.0,0.0,0.0,0.0,0.0,0.0,n/a,0.0,0.0,,0.0,0.0,0.0,0.0,0.0
equal_module,qr_Q,large,scale,scale_25,3,0.0,0.0,0.0,0.0,0.0,0.0,n/a,0.0,0.0,,0.0,0.0,0.0,0.0,0.0
equal_module,qr_Q,large,scale,scale_50,3,0.0,0.0,0.0,0.0,0.0,0.0,n/a,0.0,0.0,,0.0,0.0,0.0,0.0,0.0
equal_module,qr_Q,large,scale,scale_75,3,0.0,0.0,0.0,0.0,0.0,0.0,n/a,0.0,0.0,,0.0,0.0,0.0,0.0,0.0
equal_module,qr_Q,medium,colorspace_gamma,cool_tint,3,1.0,1.0,0.0,1.0,0.0,0.0,n/a,1.0,1.0,,6.31913334170046,6.6236333320072545,0.0,0.15386666442888478,13.804366656889519
equal_module,qr_Q,medium,colorspace_gamma,gamma_070,3,1.0,1.0,1.0,1.0,0.0,0.0,n/a,1.0,1.0,,5.9505333289659275,6.245999994765346,0.0,0.13609999829592803,12.938433336482072
equal_module,qr_Q,medium,colorspace_gamma,gamma_140,3,1.0,1.0,1.0,1.0,0.0,0.0,n/a,1.0,1.0,,6.18336667927603,6.211233335003878,0.0,0.1364666677545756,13.166366668883711
equal_module,qr_Q,medium,colorspace_gamma,warm_tint,3,1.0,1.0,0.0,1.0,0.0,0.0,n/a,1.0,1.0,,5.943399999523535,6.20803333974133,0.0,0.13486667497393987,12.924800006051859
equal_module,qr_Q,medium,grayscale,grayscale,3,1.0,1.0,1.0,1.0,0.0,0.0,n/a,1.0,1.0,,5.82613333244808,6.362499999037634,0.0,0.13513332426858446,12.93799999014785
equal_module,qr_Q,medium,identity,identity,3,1.0,1.0,1.0,1.0,0.0,0.0,n/a,1.0,1.0,,7.674766665635009,9.691333340015262,0.0,0.30859998272111017,18.598199986930315
equal_module,qr_Q,medium,jpeg,jpeg_q30,3,1.0,1.0,0.0,1.0,0.0,0.0,n/a,1.0,1.0,,6.1246333352755755,6.724733325730388,0.0,0.13453333910244206,13.733533337169016
equal_module,qr_Q,medium,jpeg,jpeg_q50,3,1.0,1.0,0.0,1.0,0.0,0.0,n/a,1.0,1.0,,6.1895333346910775,6.271466661322241,0.0,0.13890000021395585,13.224566656087214
equal_module,qr_Q,medium,jpeg,jpeg_q65,3,1.0,1.0,0.0,1.0,0.0,0.0,n/a,1.0,1.0,,6.008566667636235,6.3572666549589485,0.0,0.1364666580532988,13.113366663067913
equal_module,qr_Q,medium,jpeg,jpeg_q80,3,1.0,1.0,0.0,1.0,0.0,0.0,n/a,1.0,1.0,,6.335566664347425,6.281699994967009,0.0,0.13623334234580398,13.387933344347402
equal_module,qr_Q,medium,jpeg,jpeg_q95,3,1.0,1.0,0.0,1.0,0.0,0.0,n/a,1.0,1.0,,6.024266661067183,6.581933344326292,0.0,0.14296667844367525,13.358533343610665
equal_module,qr_Q,medium,photo_recompress,photo_a0_bright_q50,3,1.0,1.0,0.0,1.0,0.0,0.0,n/a,1.0,1.0,,6.217166665010154,7.939566664087276,0.0,0.1622333268945416,15.233733332327878
equal_module,qr_Q,medium,photo_recompress,photo_a0_dark_q50,3,1.0,1.0,0.0,1.0,0.0,0.0,n/a,1.0,1.0,,6.277933338424191,7.53499999215516,0.0,0.13513334367113808,14.628533341844255
equal_module,qr_Q,medium,photo_recompress,photo_a0_normal_q50,3,1.0,1.0,0.0,1.0,0.0,0.0,n/a,1.0,1.0,,5.844566660622756,7.060399996892859,0.0,0.13963332942997417,13.751199992839247
equal_module,qr_Q,medium,photo_recompress,photo_a15_bright_q50,3,1.0,1.0,0.0,1.0,0.0,0.0,n/a,1.0,1.0,,6.090333336032927,8.027266672191521,0.0,0.15936666750349104,14.94516667056208
equal_module,qr_Q,medium,photo_recompress,photo_a15_dark_q50,3,1.0,1.0,0.0,1.0,0.0,0.0,n/a,1.0,1.0,,6.731766664112608,7.039833328841875,0.0,0.1369666812630991,14.575566679316884
equal_module,qr_Q,medium,photo_recompress,photo_a15_normal_q50,3,1.0,1.0,0.0,1.0,0.0,0.0,n/a,1.0,1.0,,5.872066656593233,6.702633332073067,0.0,0.13529999220433334,13.326999983595064
equal_module,qr_Q,medium,photo_recompress,photo_a30_bright_q50,3,1.0,1.0,0.0,1.0,0.0,0.0,n/a,1.0,1.0,,5.851100014600282,7.611466659000143,0.0,0.13440000475384295,14.192666674110418
equal_module,qr_Q,medium,photo_recompress,photo_a30_dark_q50,3,1.0,1.0,0.0,1.0,0.0,0.0,n/a,1.0,1.0,,5.836266675032675,6.787799997255206,0.0,0.14200000441633165,13.368800001141304
equal_module,qr_Q,medium,photo_recompress,photo_a30_normal_q50,3,1.0,1.0,0.0,1.0,0.0,0.0,n/a,1.0,1.0,,5.506866660046701,6.777200013554345,0.0,0.1361666751715044,13.310266678066304
equal_module,qr_Q,medium,scale,scale_100,3,1.0,1.0,1.0,1.0,0.0,0.0,n/a,1.0,1.0,,6.45539999823086,6.286266667302698,0.0,0.13716666338344416,13.533233335086456
equal_module,qr_Q,medium,scale,scale_25,3,1.0,1.0,0.0,0.0,0.0,0.0,n/a,1.0,0.0,,5.711999993460874,4.0674333383018775,0.0,0.001200009137392044,10.387366676392654
equal_module,qr_Q,medium,scale,scale_50,3,1.0,1.0,0.0,1.0,0.0,0.0,n/a,1.0,1.0,,5.838399995506431,6.170033331727609,0.0,0.13753334254336855,12.747533328365535
equal_module,qr_Q,medium,scale,scale_75,3,1.0,1.0,0.0,1.0,0.0,0.0,n/a,1.0,1.0,,5.925266673633208,6.318266668434565,0.0,0.13550000342850885,12.991266674362123
equal_module,qr_Q,small,colorspace_gamma,cool_tint,3,1.0,1.0,0.0,1.0,0.0,0.0,n/a,1.0,1.0,,7.25439998980922,3.5594333215461424,0.0,0.17893333764125904,11.760333339528492
equal_module,qr_Q,small,colorspace_gamma,gamma_070,3,1.0,1.0,1.0,1.0,0.0,0.0,n/a,1.0,1.0,,6.487733335234225,3.05556666959698,0.0,0.1442666786412398,10.45756668706114
equal_module,qr_Q,small,colorspace_gamma,gamma_140,3,1.0,1.0,1.0,1.0,0.0,0.0,n/a,1.0,1.0,,7.0119333298256,3.9079000028626374,0.0,0.25366666765573126,12.079566658940166
equal_module,qr_Q,small,colorspace_gamma,warm_tint,3,1.0,1.0,0.0,1.0,0.0,0.0,n/a,1.0,1.0,,6.586333329323679,3.240833340290313,0.0,0.16966665862128139,10.721033322624862
equal_module,qr_Q,small,grayscale,grayscale,3,1.0,1.0,1.0,1.0,0.0,0.0,n/a,1.0,1.0,,7.340666663367301,3.61953333291846,0.0,0.17126666110319397,11.905966666139042
equal_module,qr_Q,small,identity,identity,3,1.0,1.0,1.0,1.0,0.0,0.0,n/a,1.0,1.0,,6.1800000063764555,3.090866666752845,0.0,0.15919999956774214,10.200133333758762
equal_module,qr_Q,small,jpeg,jpeg_q30,3,1.0,1.0,0.0,1.0,0.0,0.0,n/a,1.0,1.0,,6.428333338893329,2.8520666722518704,0.0,0.15373334948283932,10.145266666465128
equal_module,qr_Q,small,jpeg,jpeg_q50,3,1.0,1.0,0.0,1.0,0.0,0.0,n/a,1.0,1.0,,7.035366676670189,3.715400001965463,0.0,0.18080000882036984,11.70460000867024
equal_module,qr_Q,small,jpeg,jpeg_q65,3,1.0,1.0,0.0,1.0,0.0,0.0,n/a,1.0,1.0,,6.486233323812485,3.200066654244438,0.0,0.18250000236245492,10.584833333268762
equal_module,qr_Q,small,jpeg,jpeg_q80,3,1.0,1.0,0.0,1.0,0.0,0.0,n/a,1.0,1.0,,6.485733339407791,3.588566653585682,0.0,0.1591333420947194,10.945166684299087
equal_module,qr_Q,small,jpeg,jpeg_q95,3,1.0,1.0,0.0,1.0,0.0,0.0,n/a,1.0,1.0,,6.095366659186159,3.1839333241805434,0.0,0.1681666860046486,10.102700015219549
equal_module,qr_Q,small,photo_recompress,photo_a0_bright_q50,3,1.0,1.0,0.0,1.0,0.0,0.0,n/a,1.0,1.0,,7.063566668269535,4.043233338355397,0.0,0.17546666398023567,12.036166668015843
equal_module,qr_Q,small,photo_recompress,photo_a0_dark_q50,3,1.0,1.0,0.0,1.0,0.0,0.0,n/a,1.0,1.0,,7.772066678929453,4.671466682339087,0.0,0.18746667774394155,13.509100002314275
equal_module,qr_Q,small,photo_recompress,photo_a0_normal_q50,3,1.0,1.0,0.0,1.0,0.0,0.0,n/a,1.0,1.0,,6.092533333382259,3.2420333203238747,0.0,0.18076666553194323,10.235933325020596
equal_module,qr_Q,small,photo_recompress,photo_a15_bright_q50,3,1.0,1.0,0.0,1.0,0.0,0.0,n/a,1.0,1.0,,6.091766660877814,3.7710333320622644,0.0,0.16620000436281165,10.783866659039631
equal_module,qr_Q,small,photo_recompress,photo_a15_dark_q50,3,1.0,1.0,0.0,1.0,0.0,0.0,n/a,1.0,1.0,,6.236566667212173,3.2461999993150434,0.0,0.14666667751347026,10.341733335129296
equal_module,qr_Q,small,photo_recompress,photo_a15_normal_q50,3,1.0,1.0,0.0,1.0,0.0,0.0,n/a,1.0,1.0,,7.274266662231336,4.000799992354587,0.0,0.220233341678977,12.348999987201145
equal_module,qr_Q,small,photo_recompress,photo_a30_bright_q50,3,1.0,1.0,0.0,1.0,0.0,0.0,n/a,1.0,1.0,,7.636933335258315,3.92966666064846,0.0,0.17046666471287608,12.486200003574291
equal_module,qr_Q,small,photo_recompress,photo_a30_dark_q50,3,1.0,1.0,0.0,1.0,0.0,0.0,n/a,1.0,1.0,,6.389533334489291,3.9941666667194418,0.0,0.19563332898542285,11.332566665563112
equal_module,qr_Q,small,photo_recompress,photo_a30_normal_q50,3,1.0,1.0,0.0,1.0,0.0,0.0,n/a,1.0,1.0,,6.586766675657903,4.06053332456698,0.0,0.174633334002768,11.600466658516476
equal_module,qr_Q,small,scale,scale_100,3,1.0,1.0,1.0,1.0,0.0,0.0,n/a,1.0,1.0,,5.718366669801374,3.029733314178884,0.0,0.13823333817223707,9.589333329737807
equal_module,qr_Q,small,scale,scale_25,3,1.0,1.0,0.0,0.0,0.0,0.0,n/a,1.0,0.0,,6.311733324158316,1.894799992442131,0.0,0.0013666673718641202,8.96170000002409
equal_module,qr_Q,small,scale,scale_50,3,1.0,1.0,0.0,1.0,0.0,0.0,n/a,1.0,1.0,,6.689133335991452,3.9134666634102664,0.0,0.21593333804048598,11.573333341705924
equal_module,qr_Q,small,scale,scale_75,3,1.0,1.0,0.0,1.0,0.0,0.0,n/a,1.0,1.0,,7.2601333279938745,2.944800003509348,0.0,0.21283333383811018,11.122499990354603
